CustomerID,Age,Gender,Annual Income (k$),Spending Score (1-100)
1,56,Male,89.3,46
2,69,Female,69.2,77
3,46,Male,57.3,28
4,32,Male,71.2,40
5,60,Male,20.7,46
6,25,Female,31.8,1
7,38,Male,30.2,92
8,56,Male,63.6,27
9,36,Male,103.3,63
10,40,Female,115.8,48
11,28,Male,76.0,81
12,28,Male,72.5,60
13,41,Male,15.0,44
14,70,Male,46.4,28
15,53,Female,40.3,70
16,57,Male,44.5,3
17,41,Female,55.8,66
18,20,Female,48.2,23
19,39,Female,15.0,81
20,70,Male,78.7,54
21,19,Female,33.2,66
22,41,Male,66.0,52
23,61,Female,111.9,6
24,47,Female,37.0,28
25,55,Female,15.0,67
26,19,Female,52.8,54
27,38,Female,87.5,80
28,50,Female,109.0,60
29,29,Female,29.3,26
30,39,Female,72.4,30
31,61,Male,48.4,53
32,42,Male,57.4,1
33,66,Female,126.1,92
34,44,Female,22.4,61
35,59,Female,66.3,81
36,45,Male,71.7,10
37,33,Female,87.1,81
38,32,Male,62.4,100
39,64,Male,67.7,17
40,68,Male,50.2,69
41,61,Male,66.7,50
42,69,Male,51.4,11
43,20,Female,75.5,62
44,54,Female,50.8,71
45,68,Female,69.4,35
46,24,Female,59.3,79
47,38,Female,88.2,8
48,26,Male,58.7,13
49,56,Female,15.7,53
50,35,Female,91.5,51
51,21,Male,37.4,32
52,42,Female,43.7,70
53,31,Male,45.1,63
54,67,Female,94.4,71
55,26,Male,15.0,47
56,43,Female,138.4,65
57,70,Female,86.4,39
58,19,Male,65.6,100
59,37,Male,58.6,30
60,45,Male,67.1,100
61,64,Male,73.0,51
62,24,Male,76.1,16
63,61,Male,73.9,84
64,25,Male,62.2,53
65,64,Male,55.1,71
66,52,Female,56.2,81
67,31,Female,55.1,58
68,34,Male,88.3,35
69,53,Female,74.8,74
70,67,Female,15.0,50
71,57,Female,76.4,67
72,21,Female,64.9,1
73,19,Male,59.5,61
74,23,Female,50.3,34
75,59,Male,88.1,91
76,21,Female,83.7,66
77,46,Female,40.7,56
78,35,Female,70.2,62
79,43,Male,35.7,25
80,61,Female,25.5,91
81,51,Male,44.3,100
82,27,Female,81.6,60
83,53,Male,83.8,90
84,31,Female,72.8,36
85,48,Male,78.1,30
86,65,Male,72.9,51
87,32,Female,44.0,61
88,25,Male,70.8,40
89,31,Female,80.0,63
90,40,Female,78.9,58
91,57,Female,89.7,25
92,38,Female,77.7,63
93,33,Female,68.8,72
94,62,Female,86.8,54
95,35,Female,59.3,79
96,64,Female,38.0,20
97,70,Female,55.9,62
98,41,Female,41.4,21
99,43,Female,43.1,22
100,42,Male,56.4,34
101,62,Male,40.2,26
102,58,Female,52.3,36
103,46,Female,15.0,45
104,32,Female,65.3,71
105,62,Female,60.0,42
106,18,Female,39.6,10
107,42,Female,76.5,79
108,24,Female,83.4,29
109,26,Female,19.8,49
110,41,Male,40.9,61
111,18,Female,40.8,55
112,61,Male,36.5,77
113,25,Female,80.7,62
114,41,Female,55.2,28
115,28,Male,53.4,100
116,68,Female,15.0,55
117,34,Male,75.9,46
118,25,Female,29.0,74
119,52,Female,61.5,56
120,52,Male,66.9,60
121,50,Female,94.0,100
122,22,Male,27.3,43
123,59,Female,15.0,42
124,56,Male,64.6,53
125,58,Male,105.0,77
126,45,Female,91.0,12
127,24,Female,65.2,1
128,26,Male,47.7,35
129,25,Female,80.2,9
130,29,Female,35.7,39
131,51,Female,71.9,63
132,50,Male,72.6,28
133,65,Male,86.5,14
134,40,Male,129.0,52
135,41,Male,69.8,72
136,54,Male,47.3,8
137,52,Male,59.4,71
138,61,Male,15.8,70
139,57,Male,42.6,74
140,39,Male,49.8,80
141,44,Female,46.9,100
142,52,Male,63.8,41
143,18,Female,39.4,53
144,52,Female,88.0,40
145,54,Female,60.0,50
146,64,Male,59.8,88
147,31,Male,51.8,16
148,20,Male,63.9,28
149,18,Male,80.6,84
150,22,Female,38.3,76
151,43,Male,43.5,41
152,31,Male,52.4,71
153,56,Male,26.4,59
154,44,Male,39.5,88
155,26,Male,48.1,52
156,32,Female,81.9,76
157,32,Male,66.6,100
158,43,Female,64.8,65
159,59,Male,81.3,51
160,30,Female,56.6,68
161,68,Male,69.8,41
162,49,Male,57.4,100
163,56,Female,66.6,55
164,66,Female,45.4,43
165,69,Female,15.0,29
166,49,Male,56.6,77
167,21,Female,95.6,72
168,47,Male,83.2,38
169,54,Male,84.1,64
170,40,Female,90.9,12
171,56,Female,62.2,55
172,62,Male,64.9,61
173,32,Male,44.6,93
174,60,Female,52.1,31
175,46,Female,75.4,18
176,53,Female,90.1,28
177,30,Male,56.5,17
178,49,Male,48.7,83
179,24,Male,60.0,89
180,68,Male,75.0,58
181,39,Male,23.9,81
182,45,Male,15.0,53
183,19,Female,46.2,48
184,59,Male,29.5,42
185,62,Male,47.3,42
186,70,Male,56.3,11
187,23,Female,48.7,57
188,45,Male,96.3,49
189,45,Male,68.2,69
190,61,Female,67.5,52
191,61,Male,75.6,46
192,37,Male,31.5,28
193,47,Male,86.0,52
194,28,Male,58.1,68
195,45,Male,76.8,21
196,42,Female,33.2,52
197,56,Female,21.2,56
198,50,Female,80.4,32
199,18,Male,69.4,35
200,44,Male,37.4,56
201,69,Male,38.3,22
202,30,Female,88.1,59
203,58,Male,30.3,28
204,20,Male,101.1,77
205,56,Female,37.5,100
206,23,Male,76.0,28
207,25,Female,51.8,63
208,44,Female,75.1,32
209,26,Female,46.4,76
210,54,Male,55.9,18
211,50,Male,61.0,62
212,68,Male,34.9,28
213,59,Male,78.5,45
214,61,Male,47.2,24
215,41,Male,54.3,71
216,32,Male,35.1,29
217,49,Female,15.0,64
218,49,Male,55.2,41
219,41,Female,120.3,47
220,58,Male,79.6,54
221,69,Male,59.5,31
222,66,Male,53.4,55
223,66,Female,60.6,88
224,69,Female,73.7,31
225,29,Female,30.5,79
226,56,Female,87.9,87
227,19,Male,77.9,30
228,20,Female,78.0,14
229,66,Male,71.0,58
230,54,Male,60.5,36
231,66,Female,76.8,97
232,34,Female,74.8,51
233,66,Female,51.1,30
234,19,Female,45.7,21
235,19,Female,62.5,77
236,45,Female,98.7,36
237,40,Female,29.0,51
238,54,Female,23.3,74
239,49,Male,64.1,38
240,50,Female,61.3,49
241,18,Female,64.3,50
242,36,Male,66.1,67
243,19,Female,54.4,65
244,70,Male,97.2,44
245,61,Male,20.0,52
246,43,Female,39.3,41
247,49,Male,57.4,13
248,23,Male,18.9,56
249,49,Male,55.6,97
250,21,Male,101.5,28
251,28,Female,60.5,31
252,34,Male,65.8,28
253,55,Female,28.5,68
254,41,Male,44.6,61
255,22,Male,50.6,46
256,69,Male,52.1,27
257,51,Male,92.0,52
258,23,Female,73.9,11
259,39,Female,32.2,54
260,28,Male,66.2,72
261,65,Male,72.5,19
262,33,Female,88.5,12
263,50,Male,99.5,89
264,26,Male,34.6,35
265,23,Male,39.7,78
266,33,Female,28.6,46
267,46,Female,54.1,46
268,20,Female,71.7,61
269,37,Male,84.7,28
270,53,Male,58.1,53
271,36,Female,52.0,40
272,43,Female,63.8,17
273,20,Female,39.1,58
274,36,Female,112.2,43
275,37,Male,19.8,46
276,49,Female,64.6,20
277,24,Male,110.6,90
278,69,Female,60.2,72
279,58,Male,55.2,74
280,50,Female,51.1,42
281,57,Female,55.5,7
282,56,Female,94.3,99
283,35,Female,15.0,48
284,57,Male,98.3,31
285,18,Female,24.4,60
286,28,Male,53.3,79
287,45,Male,49.3,49
288,42,Male,74.7,82
289,67,Male,20.0,77
290,40,Female,71.6,23
291,48,Male,110.6,33
292,47,Male,25.9,74
293,59,Male,64.7,1
294,52,Female,43.5,46
295,24,Female,70.6,14
296,33,Female,60.5,38
297,43,Female,44.0,43
298,65,Male,72.2,41
299,69,Male,105.1,36
300,66,Female,55.2,23
301,19,Male,78.0,100
302,18,Male,27.7,97
303,65,Male,36.1,21
304,29,Female,71.8,90
305,22,Female,97.1,40
306,54,Male,68.9,53
307,49,Female,52.2,48
308,26,Female,60.0,34
309,58,Female,28.7,75
310,52,Female,75.1,53
311,36,Female,82.1,38
312,65,Male,48.7,17
313,33,Female,48.2,28
314,20,Male,66.6,9
315,37,Male,49.1,50
316,41,Female,58.3,20
317,50,Male,112.5,43
318,41,Male,53.8,84
319,69,Male,51.0,80
320,28,Female,43.8,49
321,66,Female,78.6,48
322,25,Male,55.5,97
323,53,Female,43.8,63
324,55,Female,93.0,42
325,57,Female,95.5,14
326,37,Female,45.0,60
327,52,Male,15.0,71
328,65,Male,85.2,34
329,42,Female,42.9,57
330,52,Female,79.8,41
331,42,Male,15.0,45
332,46,Male,82.3,1
333,35,Female,29.7,44
334,63,Male,78.3,74
335,35,Female,60.4,34
336,19,Female,36.2,51
337,52,Male,49.8,31
338,33,Male,77.2,59
339,58,Female,62.6,45
340,53,Female,74.6,27
341,50,Male,109.4,83
342,21,Female,20.9,73
343,50,Male,100.4,35
344,31,Female,62.6,62
345,38,Male,37.5,63
346,65,Male,26.7,66
347,37,Male,55.3,8
348,25,Female,83.0,75
349,24,Female,56.8,36
350,20,Male,97.8,41
351,34,Female,23.7,100
352,50,Male,59.7,58
353,65,Male,28.7,40
354,29,Female,69.1,1
355,68,Female,82.2,85
356,39,Male,49.5,16
357,39,Female,15.0,25
358,63,Female,65.0,42
359,47,Male,70.9,85
360,55,Male,70.1,69
361,55,Female,90.9,46
362,62,Male,33.2,58
363,68,Male,77.0,35
364,25,Female,89.8,53
365,44,Male,15.5,52
366,44,Male,68.0,74
367,51,Female,47.4,74
368,38,Female,58.0,62
369,47,Male,68.7,41
370,50,Male,47.8,69
371,45,Female,43.1,48
372,64,Female,60.9,23
373,50,Female,32.8,40
374,22,Female,32.9,52
375,65,Male,77.0,73
376,36,Female,31.3,45
377,21,Female,76.7,20
378,52,Male,71.6,51
379,66,Female,16.9,53
380,34,Male,43.1,55
381,61,Female,89.9,73
382,45,Female,35.5,75
383,47,Female,48.4,35
384,46,Male,71.6,35
385,63,Male,79.6,24
386,70,Female,53.7,67
387,23,Male,45.1,86
388,52,Male,95.6,42
389,58,Male,103.5,44
390,54,Male,84.5,87
391,41,Male,62.1,63
392,46,Male,39.8,61
393,66,Female,39.2,20
394,63,Female,73.1,67
395,70,Male,70.5,27
396,48,Female,95.0,22
397,52,Female,76.3,41
398,50,Female,22.4,35
399,69,Female,86.3,44
400,38,Male,35.0,14
401,49,Female,50.4,74
402,40,Female,66.3,78
403,50,Male,109.9,1
404,20,Male,137.7,74
405,35,Female,75.2,30
406,42,Female,55.4,71
407,59,Female,73.4,48
408,48,Female,82.2,51
409,20,Female,52.0,45
410,57,Female,104.9,80
411,63,Male,65.8,19
412,41,Female,72.4,65
413,67,Female,76.6,78
414,49,Male,70.5,68
415,64,Male,81.0,100
416,39,Male,44.6,37
417,40,Male,46.0,74
418,19,Female,32.5,47
419,44,Female,71.0,81
420,59,Female,79.5,50
421,19,Female,71.4,40
422,43,Female,101.9,83
423,34,Female,59.9,38
424,57,Male,76.7,15
425,50,Female,32.7,37
426,26,Male,50.3,65
427,60,Male,77.4,85
428,65,Female,81.2,53
429,56,Male,52.7,83
430,46,Female,58.2,16
431,59,Male,22.1,39
432,43,Female,51.1,43
433,52,Male,82.3,47
434,67,Female,74.4,52
435,42,Female,72.5,67
436,41,Female,61.2,39
437,30,Female,60.2,53
438,24,Female,43.5,49
439,53,Male,77.5,27
440,62,Male,70.5,47
441,37,Male,72.3,46
442,18,Female,46.8,46
443,25,Male,15.0,51
444,63,Female,87.4,52
445,33,Female,48.0,39
446,31,Male,38.4,82
447,29,Male,77.3,21
448,68,Female,50.2,32
449,40,Male,86.5,100
450,32,Female,75.4,24
451,45,Female,77.1,16
452,51,Female,25.9,68
453,19,Female,90.3,1
454,49,Female,66.5,44
455,40,Male,50.8,100
456,39,Male,63.6,11
457,68,Female,15.6,1
458,42,Female,70.2,13
459,39,Male,34.3,72
460,39,Male,26.2,78
461,66,Female,21.9,37
462,69,Male,87.8,67
463,59,Female,44.3,85
464,23,Male,98.3,95
465,32,Female,46.6,44
466,60,Male,17.3,1
467,54,Female,32.1,29
468,50,Male,90.9,39
469,25,Male,56.1,44
470,70,Female,46.3,45
471,61,Male,64.0,78
472,61,Female,72.5,82
473,22,Male,87.9,46
474,56,Female,96.2,77
475,21,Male,51.0,59
476,23,Female,26.8,52
477,62,Male,49.7,73
478,49,Female,66.5,52
479,69,Male,35.9,100
480,47,Female,36.1,14
481,64,Female,68.6,37
482,52,Female,58.8,47
483,57,Male,60.8,61
484,69,Female,41.0,82
485,33,Male,54.2,49
486,30,Female,36.9,14
487,67,Male,82.3,71
488,59,Female,85.9,69
489,47,Male,15.0,1
490,36,Male,36.8,50
491,34,Female,22.6,10
492,36,Male,43.7,33
493,45,Male,57.9,27
494,43,Female,23.8,70
495,54,Male,37.0,53
496,43,Male,34.9,18
497,70,Male,65.2,72
498,40,Female,61.7,14
499,26,Male,42.0,58
500,29,Female,64.4,30
501,70,Male,46.3,41
502,18,Male,53.2,63
503,18,Male,101.8,63
504,64,Female,93.5,83
505,51,Male,27.5,48
506,49,Male,80.7,58
507,65,Female,80.3,39
508,42,Male,31.3,55
509,57,Female,80.5,61
510,62,Female,98.4,48
511,70,Male,31.9,5
512,18,Female,37.1,58
513,33,Male,85.4,59
514,56,Female,66.8,33
515,22,Female,73.8,18
516,39,Male,68.5,87
517,46,Female,69.8,62
518,20,Female,26.8,44
519,29,Female,86.2,22
520,43,Female,89.2,29
521,33,Female,54.3,83
522,68,Male,58.9,53
523,54,Female,21.7,36
524,39,Male,72.9,63
525,46,Female,74.3,30
526,31,Male,58.4,88
527,45,Male,88.1,84
528,22,Female,51.6,38
529,64,Female,74.1,34
530,66,Female,34.5,1
531,47,Male,59.4,13
532,63,Female,55.6,17
533,69,Male,65.6,53
534,22,Male,50.8,42
535,29,Male,56.7,16
536,33,Female,80.7,43
537,43,Female,49.1,63
538,43,Male,19.8,63
539,65,Male,103.7,3
540,38,Female,94.5,47
541,56,Male,27.7,15
542,53,Female,77.2,73
543,50,Male,47.4,70
544,47,Female,66.6,28
545,54,Male,67.4,31
546,40,Female,54.1,38
547,27,Male,40.4,1
548,22,Female,42.7,58
549,53,Female,37.1,43
550,51,Male,39.2,74
551,69,Male,58.3,23
552,48,Female,42.1,35
553,27,Male,77.1,12
554,36,Female,97.2,25
555,49,Male,45.5,20
556,18,Female,66.0,75
557,22,Female,72.5,33
558,62,Female,71.8,53
559,21,Female,61.9,40
560,33,Female,78.6,18
561,41,Female,72.1,46
562,33,Male,29.1,65
563,19,Male,81.7,20
564,66,Male,82.2,70
565,45,Female,40.9,29
566,49,Female,60.9,38
567,44,Female,77.1,63
568,37,Female,54.8,33
569,41,Male,86.8,51
570,29,Male,119.1,42
571,67,Female,40.4,53
572,52,Male,25.5,1
573,50,Male,67.6,4
574,50,Female,78.0,65
575,68,Male,54.2,76
576,60,Female,96.3,27
577,54,Male,26.5,44
578,29,Female,77.3,57
579,20,Female,44.9,67
580,18,Female,103.0,1
581,50,Female,109.8,28
582,57,Male,40.8,42
583,27,Female,46.3,68
584,60,Female,81.5,100
585,61,Female,50.3,44
586,46,Male,58.9,15
587,30,Female,60.6,60
588,29,Male,15.0,83
589,48,Female,59.7,53
590,63,Male,42.8,27
591,19,Male,47.7,74
592,68,Female,96.1,67
593,67,Male,28.6,24
594,52,Female,80.3,60
595,40,Female,53.0,75
596,34,Female,53.0,80
597,43,Male,79.8,48
598,25,Male,68.5,41
599,46,Female,74.3,81
600,43,Female,84.2,20
601,27,Male,51.7,61
602,43,Female,44.7,16
603,51,Female,32.9,77
604,68,Female,39.4,44
605,58,Male,133.7,82
606,24,Male,91.1,62
607,21,Male,26.2,19
608,70,Female,26.9,86
609,67,Female,72.0,89
610,62,Female,73.7,72
611,28,Male,73.7,31
612,46,Female,53.6,42
613,53,Female,56.9,54
614,42,Female,68.2,32
615,38,Female,62.1,92
616,53,Male,15.0,54
617,27,Male,54.3,1
618,54,Female,38.7,58
619,26,Male,64.4,41
620,41,Male,134.6,48
621,52,Female,69.2,41
622,66,Female,52.2,70
623,52,Male,83.0,78
624,65,Female,72.1,57
625,53,Male,70.5,42
626,35,Female,75.2,49
627,66,Male,111.4,50
628,56,Female,31.7,30
629,49,Male,71.8,64
630,41,Male,36.8,62
631,40,Male,73.9,89
632,49,Female,37.0,81
633,54,Male,49.6,33
634,29,Male,52.6,71
635,66,Female,84.4,26
636,30,Female,83.0,67
637,40,Male,28.9,37
638,42,Male,61.4,24
639,52,Female,42.3,57
640,58,Female,28.5,1
641,47,Female,54.6,6
642,34,Female,52.3,46
643,66,Female,120.7,52
644,37,Male,70.8,41
645,65,Female,25.6,11
646,42,Male,45.9,30
647,39,Male,85.5,60
648,30,Male,112.2,65
649,36,Female,20.4,50
650,66,Male,15.0,79
651,53,Male,106.8,60
652,29,Female,69.7,31
653,58,Male,38.3,43
654,36,Male,73.4,15
655,29,Female,15.0,47
656,26,Male,60.1,78
657,24,Male,68.2,67
658,45,Male,83.1,85
659,31,Female,34.7,42
660,48,Female,62.1,84
661,69,Female,36.9,45
662,36,Male,66.4,87
663,64,Male,37.6,49
664,33,Female,49.8,68
665,70,Male,35.1,87
666,22,Male,76.3,45
667,52,Female,81.5,55
668,29,Female,54.1,82
669,42,Male,61.0,47
670,69,Male,23.8,17
671,38,Male,52.5,100
672,53,Female,58.7,38
673,70,Female,125.5,54
674,40,Female,32.2,79
675,33,Female,96.6,35
676,56,Male,84.9,25
677,62,Female,67.0,56
678,70,Female,104.0,5
679,59,Female,69.3,43
680,56,Female,69.7,56
681,31,Female,58.7,43
682,48,Male,90.6,11
683,22,Male,87.4,90
684,52,Female,44.4,53
685,40,Male,27.0,86
686,46,Female,54.9,43
687,60,Female,40.0,28
688,28,Male,58.4,57
689,35,Male,90.9,45
690,64,Female,48.6,21
691,29,Female,58.9,87
692,26,Female,61.5,34
693,27,Male,81.2,4
694,61,Female,15.0,83
695,34,Female,44.8,37
696,55,Female,65.3,35
697,24,Male,90.0,6
698,63,Female,47.7,94
699,30,Female,15.0,18
700,57,Male,75.5,51
701,59,Female,44.1,73
702,26,Female,30.3,61
703,67,Male,44.4,49
704,44,Female,55.4,7
705,19,Male,44.9,30
706,22,Male,15.0,55
707,46,Female,82.4,30
708,54,Female,91.9,55
709,55,Female,76.3,67
710,36,Female,31.6,74
711,25,Male,55.0,19
712,65,Female,59.8,100
713,62,Male,75.0,69
714,18,Female,76.7,50
715,39,Female,41.6,77
716,69,Female,62.0,100
717,34,Male,71.4,14
718,24,Female,96.4,44
719,42,Female,77.6,1
720,62,Female,79.7,55
721,21,Female,62.1,59
722,53,Male,95.3,49
723,23,Female,70.2,34
724,48,Male,38.5,1
725,36,Male,95.1,59
726,61,Male,77.4,86
727,56,Male,48.9,35
728,44,Male,48.0,61
729,27,Male,67.4,11
730,43,Female,71.6,61
731,36,Male,64.9,40
732,56,Male,67.8,31
733,20,Male,102.5,31
734,62,Female,86.8,40
735,30,Female,64.8,60
736,67,Male,83.5,17
737,45,Female,34.2,40
738,37,Male,69.9,49
739,45,Male,105.2,23
740,25,Female,54.5,95
741,58,Male,38.8,29
742,56,Female,43.7,33
743,18,Female,32.8,26
744,20,Male,40.4,95
745,30,Male,50.7,64
746,45,Female,24.9,27
747,66,Male,60.4,78
748,42,Male,82.6,55
749,50,Male,37.3,56
750,55,Female,98.0,41
751,70,Female,72.8,31
752,23,Male,85.8,58
753,61,Female,43.6,36
754,62,Female,81.4,95
755,49,Female,32.7,18
756,62,Female,82.3,88
757,64,Female,64.3,47
758,38,Male,73.8,57
759,33,Male,30.6,71
760,38,Male,37.6,34
761,28,Female,74.9,72
762,54,Female,36.3,1
763,53,Male,71.6,32
764,52,Female,25.8,27
765,36,Male,81.2,19
766,37,Male,29.2,45
767,35,Male,73.8,60
768,64,Female,75.6,68
769,58,Female,42.6,56
770,66,Male,74.6,33
771,31,Male,66.5,59
772,32,Male,46.5,53
773,48,Male,34.8,73
774,18,Female,15.0,69
775,70,Female,68.7,51
776,20,Male,20.9,28
777,33,Male,62.4,34
778,40,Female,53.4,36
779,28,Female,77.0,42
780,29,Male,52.4,57
781,27,Male,51.8,68
782,49,Male,78.3,49
783,33,Female,68.4,50
784,25,Female,67.9,54
785,55,Female,71.7,37
786,29,Male,21.6,27
787,41,Male,78.9,6
788,45,Female,75.3,33
789,70,Female,34.6,62
790,25,Male,53.9,32
791,45,Female,59.0,44
792,53,Female,56.6,62
793,43,Male,68.3,63
794,25,Female,95.8,23
795,67,Male,87.0,75
796,45,Male,27.2,78
797,45,Male,75.6,22
798,54,Male,93.2,29
799,58,Male,69.7,80
800,53,Male,87.3,46
801,44,Male,110.3,1
802,34,Female,85.6,15
803,26,Male,66.2,44
804,50,Male,86.1,21
805,70,Female,63.6,40
806,37,Female,60.6,51
807,30,Female,51.2,87
808,45,Male,99.1,43
809,65,Female,39.5,77
810,46,Male,98.3,86
811,30,Male,72.5,86
812,63,Male,25.0,57
813,52,Male,69.2,1
814,23,Female,15.0,62
815,35,Female,75.6,76
816,68,Male,82.1,48
817,22,Male,45.2,94
818,64,Male,63.1,71
819,42,Female,108.9,64
820,19,Male,47.4,77
821,27,Male,33.5,58
822,47,Female,97.0,1
823,67,Female,109.1,38
824,62,Male,60.1,80
825,22,Female,85.3,30
826,50,Female,93.5,44
827,18,Male,41.4,24
828,35,Female,47.9,95
829,49,Male,90.8,92
830,64,Female,102.1,28
831,66,Male,74.1,54
832,28,Male,38.0,33
833,38,Male,109.7,65
834,43,Female,46.7,63
835,42,Male,51.6,70
836,39,Female,68.6,58
837,44,Male,98.9,100
838,66,Male,81.3,24
839,30,Female,70.4,7
840,50,Male,71.6,40
841,51,Male,61.1,11
842,58,Female,74.0,13
843,52,Male,15.0,25
844,18,Male,52.6,27
845,38,Male,66.0,26
846,65,Male,31.2,63
847,23,Female,69.7,37
848,45,Female,54.9,46
849,34,Male,103.9,72
850,22,Female,99.3,31
851,48,Male,48.4,43
852,22,Female,56.2,59
853,55,Male,58.2,1
854,20,Male,48.7,1
855,70,Male,64.9,59
856,40,Male,41.0,62
857,54,Male,31.7,100
858,70,Male,75.6,54
859,54,Female,75.7,70
860,27,Male,39.9,45
861,27,Female,82.4,57
862,36,Male,44.2,92
863,34,Female,66.3,1
864,38,Female,80.5,60
865,31,Female,59.2,100
866,26,Male,71.4,57
867,63,Male,47.1,91
868,18,Female,55.1,34
869,68,Male,54.9,49
870,62,Female,41.3,51
871,30,Male,55.6,1
872,21,Female,21.3,21
873,18,Female,47.7,23
874,66,Male,52.9,71
875,57,Female,53.6,72
876,49,Male,54.0,58
877,51,Female,58.5,71
878,45,Female,72.0,46
879,48,Male,81.9,80
880,25,Male,43.8,50
881,56,Male,29.9,51
882,43,Female,33.9,43
883,51,Male,47.8,67
884,20,Female,51.2,39
885,67,Female,40.8,74
886,29,Male,27.6,22
887,18,Male,48.6,23
888,61,Female,64.5,67
889,22,Female,74.9,48
890,47,Male,46.1,39
891,47,Male,49.7,72
892,34,Male,36.8,35
893,65,Male,59.2,45
894,64,Male,38.8,85
895,40,Female,74.3,88
896,32,Female,15.4,89
897,54,Female,51.0,43
898,38,Female,67.5,81
899,31,Male,64.6,26
900,19,Male,127.3,27
901,28,Male,68.7,1
902,68,Female,34.9,92
903,56,Female,57.6,28
904,55,Male,15.6,47
905,51,Male,58.0,27
906,55,Female,39.2,67
907,67,Female,82.9,41
908,51,Male,46.3,17
909,35,Male,57.1,61
910,47,Female,44.1,14
911,32,Male,103.5,29
912,44,Male,52.0,1
913,68,Male,105.8,14
914,51,Female,80.4,54
915,69,Female,72.1,1
916,55,Female,69.2,13
917,50,Female,69.8,50
918,41,Female,15.0,36
919,32,Female,53.0,100
920,47,Female,81.1,96
921,59,Male,58.8,28
922,68,Male,24.9,64
923,34,Male,58.7,69
924,22,Male,102.6,35
925,46,Male,91.2,13
926,21,Male,58.4,50
927,27,Male,83.8,46
928,34,Female,50.8,39
929,27,Female,17.4,61
930,34,Male,36.9,31
931,37,Male,99.1,21
932,41,Female,53.2,53
933,22,Male,53.9,60
934,51,Male,52.5,21
935,23,Female,107.6,73
936,70,Male,100.6,6
937,19,Female,115.5,36
938,30,Male,56.0,44
939,60,Female,67.4,34
940,60,Female,22.1,36
941,65,Female,96.9,97
942,28,Male,30.8,29
943,68,Female,65.4,100
944,64,Male,32.6,61
945,40,Male,45.3,52
946,33,Male,39.1,62
947,48,Male,44.8,100
948,28,Female,46.5,25
949,33,Female,46.3,22
950,25,Male,80.8,31
951,21,Male,32.4,51
952,57,Female,65.5,7
953,21,Male,90.4,51
954,42,Female,47.2,92
955,20,Male,42.1,54
956,49,Male,54.2,43
957,20,Female,89.5,35
958,44,Male,64.9,72
959,46,Female,46.7,29
960,49,Male,72.1,96
961,67,Male,32.4,98
962,68,Male,77.0,56
963,36,Female,70.2,50
964,38,Male,52.3,76
965,22,Male,39.0,77
966,35,Male,37.8,30
967,45,Male,73.4,37
968,59,Female,90.7,17
969,39,Female,44.1,60
970,38,Male,71.5,67
971,23,Female,15.0,16
972,18,Male,45.4,39
973,22,Male,59.2,16
974,58,Male,37.3,28
975,29,Female,36.6,64
976,43,Female,43.3,32
977,63,Female,67.3,42
978,51,Female,55.3,9
979,66,Female,15.0,55
980,31,Female,15.0,49
981,43,Female,44.8,32
982,62,Female,71.4,45
983,44,Female,15.0,55
984,26,Male,47.5,30
985,43,Female,46.8,13
986,64,Female,94.7,95
987,39,Female,50.4,34
988,64,Female,69.6,48
989,47,Female,63.5,75
990,60,Female,15.0,100
991,65,Female,79.2,19
992,34,Female,65.4,61
993,43,Female,72.7,32
994,53,Female,150.0,37
995,18,Female,15.0,32
996,25,Male,103.1,22
997,66,Male,52.8,49
998,52,Female,67.2,13
999,69,Female,58.9,74
1000,32,Male,49.4,51
1001,64,Female,45.8,61
1002,39,Male,68.2,38
1003,31,Male,22.1,41
1004,43,Male,78.8,57
1005,45,Male,49.6,21
1006,40,Male,31.7,41
1007,31,Female,48.7,29
1008,41,Male,91.4,28
1009,19,Female,46.6,1
1010,62,Female,69.0,83
1011,43,Male,41.7,33
1012,31,Male,78.9,79
1013,68,Female,77.1,77
1014,24,Male,106.2,18
1015,20,Male,55.6,23
1016,64,Female,76.7,100
1017,40,Female,62.5,94
1018,63,Male,92.4,49
1019,60,Female,42.0,56
1020,64,Male,78.6,34
1021,62,Male,55.1,61
1022,35,Male,58.4,32
1023,55,Female,62.3,1
1024,52,Female,66.3,17
1025,68,Female,57.1,51
1026,32,Female,65.4,22
1027,42,Female,99.5,48
1028,54,Male,84.6,23
1029,45,Male,81.7,30
1030,27,Male,48.6,71
1031,56,Male,37.8,56
1032,34,Female,83.9,50
1033,56,Male,81.9,72
1034,39,Female,96.8,62
1035,43,Male,44.9,86
1036,61,Female,54.3,39
1037,42,Female,19.0,39
1038,34,Male,50.2,17
1039,30,Male,84.9,39
1040,37,Male,48.3,74
1041,42,Male,76.0,82
1042,21,Female,55.2,74
1043,27,Male,68.1,5
1044,20,Male,31.3,77
1045,58,Female,62.1,4
1046,62,Male,15.0,72
1047,35,Male,55.3,41
1048,64,Male,19.2,68
1049,53,Male,90.1,17
1050,64,Male,79.4,79
1051,39,Female,71.7,13
1052,51,Male,98.0,33
1053,64,Male,36.3,25
1054,25,Male,103.7,6
1055,57,Male,83.3,52
1056,66,Male,54.1,95
1057,61,Female,88.4,100
1058,36,Male,32.3,52
1059,59,Female,39.4,78
1060,58,Female,44.8,56
1061,54,Male,46.8,62
1062,23,Male,33.6,41
1063,69,Male,90.6,55
1064,43,Male,53.5,63
1065,51,Female,68.8,36
1066,62,Male,45.7,48
1067,23,Male,15.0,49
1068,54,Male,66.8,71
1069,50,Male,15.0,23
1070,70,Male,58.3,49
1071,39,Male,25.8,98
1072,38,Female,109.7,79
1073,23,Female,82.8,84
1074,23,Male,62.6,51
1075,65,Male,91.6,58
1076,21,Male,38.8,75
1077,47,Female,73.6,89
1078,28,Male,65.0,1
1079,47,Female,66.6,17
1080,48,Male,91.8,83
1081,41,Male,78.3,43
1082,26,Male,67.2,33
1083,20,Male,18.6,19
1084,68,Female,36.0,36
1085,48,Female,56.9,15
1086,57,Male,62.3,100
1087,54,Male,31.7,49
1088,53,Female,120.3,49
1089,41,Female,97.9,65
1090,48,Female,75.1,74
1091,23,Female,61.8,74
1092,19,Male,54.7,77
1093,37,Female,36.2,34
1094,45,Male,61.9,43
1095,28,Female,66.4,69
1096,21,Female,29.0,37
1097,32,Female,68.4,50
1098,23,Female,56.1,60
1099,66,Female,15.0,70
1100,47,Male,38.5,6
1101,55,Male,49.7,68
1102,68,Female,107.2,44
1103,19,Female,73.9,68
1104,32,Male,26.6,69
1105,28,Female,72.2,90
1106,25,Female,21.3,84
1107,43,Male,87.1,84
1108,68,Female,48.2,86
1109,62,Female,57.7,57
1110,61,Male,93.1,51
1111,22,Male,27.8,72
1112,23,Male,25.1,68
1113,43,Female,45.4,42
1114,21,Male,86.0,60
1115,36,Male,22.0,49
1116,37,Male,15.0,29
1117,50,Male,48.7,82
1118,37,Male,73.8,51
1119,66,Male,90.0,100
1120,29,Female,48.4,9
1121,64,Female,49.7,36
1122,18,Male,88.8,51
1123,43,Male,15.0,78
1124,31,Male,50.3,60
1125,55,Female,64.8,58
1126,54,Female,71.2,22
1127,28,Female,47.3,21
1128,53,Female,60.9,58
1129,30,Female,15.0,16
1130,60,Female,43.5,37
1131,20,Female,71.3,63
1132,50,Female,35.4,25
1133,23,Female,61.5,90
1134,67,Male,71.2,81
1135,27,Male,51.4,11
1136,22,Male,64.3,27
1137,40,Male,35.9,1
1138,27,Female,54.8,30
1139,61,Female,75.3,69
1140,19,Male,63.9,40
1141,30,Female,45.3,62
1142,57,Male,65.6,12
1143,19,Female,77.9,70
1144,37,Male,15.0,36
1145,18,Female,89.0,50
1146,54,Female,51.6,48
1147,26,Male,70.6,18
1148,34,Female,89.9,21
1149,26,Male,25.7,74
1150,28,Male,42.3,60
1151,32,Male,52.8,76
1152,41,Male,40.4,58
1153,55,Female,103.4,54
1154,52,Female,38.6,7
1155,47,Female,46.1,43
1156,48,Male,65.1,49
1157,66,Female,29.9,99
1158,22,Male,50.1,67
1159,61,Female,67.9,88
1160,67,Female,51.7,65
1161,31,Female,57.7,32
1162,70,Male,46.8,53
1163,28,Female,22.1,56
1164,26,Female,68.0,27
1165,51,Male,103.9,40
1166,29,Female,60.5,45
1167,52,Male,65.6,90
1168,52,Female,77.3,1
1169,18,Male,28.3,80
1170,57,Male,102.6,27
1171,39,Female,65.1,16
1172,46,Male,100.8,79
1173,25,Male,41.7,68
1174,28,Male,105.5,81
1175,58,Male,79.4,70
1176,54,Male,73.8,100
1177,31,Male,65.9,64
1178,47,Female,53.8,46
1179,52,Male,90.0,59
1180,38,Male,63.5,81
1181,54,Female,15.0,31
1182,22,Female,32.1,34
1183,36,Female,55.4,42
1184,31,Female,67.7,1
1185,43,Female,58.6,53
1186,21,Female,90.5,3
1187,42,Female,15.0,51
1188,62,Male,63.6,72
1189,59,Male,15.0,38
1190,42,Female,79.0,92
1191,35,Male,57.6,13
1192,57,Male,70.5,80
1193,25,Male,38.4,67
1194,56,Female,92.0,7
1195,57,Female,86.0,100
1196,31,Male,74.6,48
1197,49,Female,56.8,28
1198,68,Male,74.5,15
1199,55,Male,42.3,44
1200,50,Male,81.4,47
1201,40,Male,101.2,53
1202,32,Female,86.8,43
1203,50,Female,41.8,66
1204,42,Female,69.0,40
1205,34,Male,27.7,2
1206,50,Female,74.3,46
1207,64,Male,71.3,1
1208,19,Female,15.0,59
1209,31,Male,31.0,26
1210,70,Male,52.9,54
1211,57,Male,52.5,83
1212,57,Female,29.8,26
1213,68,Female,69.7,77
1214,56,Female,66.3,39
1215,68,Female,55.1,94
1216,23,Male,41.1,41
1217,23,Female,86.2,29
1218,20,Female,101.4,67
1219,24,Male,47.9,39
1220,68,Male,44.7,29
1221,25,Male,72.3,38
1222,59,Female,51.0,49
1223,69,Male,56.5,84
1224,32,Male,78.5,2
1225,64,Male,15.0,51
1226,46,Female,93.0,66
1227,50,Male,61.8,55
1228,69,Female,49.7,83
1229,47,Female,57.8,48
1230,56,Male,59.1,45
1231,44,Male,16.7,65
1232,53,Female,97.4,52
1233,46,Male,61.0,40
1234,55,Male,71.1,63
1235,50,Female,83.8,34
1236,54,Female,34.5,35
1237,44,Male,71.8,37
1238,50,Female,53.3,84
1239,21,Male,81.2,1
1240,39,Male,15.0,60
1241,19,Male,57.5,51
1242,27,Female,44.9,8
1243,22,Male,70.8,58
1244,27,Male,71.8,62
1245,50,Male,42.3,65
1246,55,Female,42.2,1
1247,30,Female,57.2,84
1248,48,Female,37.6,32
1249,64,Female,81.0,67
1250,53,Female,50.8,69
1251,62,Male,15.0,28
1252,41,Female,50.6,67
1253,69,Female,34.0,40
1254,32,Female,19.2,1
1255,46,Male,29.1,79
1256,25,Female,62.7,31
1257,22,Female,93.2,29
1258,46,Male,67.8,40
1259,64,Female,44.8,57
1260,21,Male,71.4,49
1261,29,Male,48.5,64
1262,62,Male,42.6,17
1263,19,Male,31.1,31
1264,44,Male,16.2,47
1265,48,Female,50.3,97
1266,68,Male,64.0,47
1267,68,Male,57.6,77
1268,53,Female,49.6,51
1269,53,Male,36.4,38
1270,43,Female,75.2,44
1271,60,Female,27.1,46
1272,44,Female,79.4,65
1273,22,Male,34.9,84
1274,37,Male,41.2,59
1275,28,Male,23.3,80
1276,27,Female,47.5,26
1277,57,Male,84.4,40
1278,55,Male,72.9,32
1279,23,Male,84.5,58
1280,25,Female,73.1,41
1281,40,Female,32.4,68
1282,64,Male,51.7,27
1283,43,Male,40.5,51
1284,63,Male,93.3,67
1285,60,Male,30.1,1
1286,29,Female,82.3,100
1287,43,Female,82.3,43
1288,30,Female,105.7,1
1289,57,Female,49.8,54
1290,35,Male,77.8,51
1291,42,Male,117.0,48
1292,50,Male,44.6,75
1293,64,Female,21.6,69
1294,57,Male,15.0,57
1295,60,Female,77.8,61
1296,61,Female,50.7,94
1297,53,Male,70.9,13
1298,65,Male,64.6,53
1299,21,Male,70.6,52
1300,22,Female,65.6,70
1301,54,Male,92.0,29
1302,25,Female,36.2,6
1303,59,Male,43.1,54
1304,66,Female,40.7,57
1305,45,Female,80.8,87
1306,48,Male,82.5,18
1307,26,Female,71.3,79
1308,68,Female,89.6,100
1309,46,Male,30.5,41
1310,31,Female,101.7,18
1311,57,Male,98.1,40
1312,58,Female,78.4,50
1313,39,Male,104.5,64
1314,28,Male,18.6,35
1315,40,Female,46.9,89
1316,18,Female,41.6,22
1317,63,Female,78.0,7
1318,54,Female,33.7,78
1319,38,Female,78.9,1
1320,43,Male,94.3,45
1321,63,Female,77.4,100
1322,53,Male,67.1,50
1323,40,Male,35.3,22
1324,18,Female,38.8,49
1325,68,Male,91.2,49
1326,57,Male,79.5,54
1327,32,Male,59.0,67
1328,38,Male,49.6,24
1329,64,Female,15.0,92
1330,26,Male,33.2,56
1331,70,Female,107.8,68
1332,26,Female,28.0,34
1333,27,Male,64.7,82
1334,69,Female,85.2,44
1335,70,Female,28.6,57
1336,43,Female,64.6,27
1337,58,Male,83.4,25
1338,52,Female,60.3,67
1339,69,Female,131.7,39
1340,42,Female,18.3,29
1341,43,Male,86.5,34
1342,28,Female,55.7,67
1343,55,Male,79.3,34
1344,19,Male,71.0,47
1345,24,Male,41.7,50
1346,35,Male,65.7,2
1347,44,Male,15.0,13
1348,51,Male,75.1,58
1349,44,Female,67.5,32
1350,34,Male,76.0,76
1351,60,Female,86.5,74
1352,61,Female,69.2,68
1353,68,Male,63.7,95
1354,41,Female,38.0,48
1355,42,Female,42.2,66
1356,24,Female,89.7,35
1357,69,Female,95.9,100
1358,23,Male,54.0,100
1359,70,Female,61.2,50
1360,41,Male,37.4,60
1361,50,Female,89.3,84
1362,66,Female,76.6,46
1363,46,Male,108.5,34
1364,60,Female,38.0,72
1365,39,Female,50.5,52
1366,43,Female,65.8,55
1367,45,Male,76.2,29
1368,67,Female,54.6,7
1369,38,Male,38.2,56
1370,66,Female,82.0,73
1371,24,Male,78.0,44
1372,34,Male,37.1,86
1373,37,Female,93.9,32
1374,58,Female,89.3,24
1375,66,Male,63.4,48
1376,37,Male,62.0,48
1377,39,Female,73.9,69
1378,45,Male,38.5,31
1379,57,Female,60.8,84
1380,66,Female,15.0,99
1381,24,Female,81.9,49
1382,18,Female,21.0,81
1383,49,Male,97.6,24
1384,30,Female,51.7,77
1385,47,Male,54.7,76
1386,40,Female,44.3,72
1387,68,Male,52.8,50
1388,36,Female,95.5,1
1389,49,Male,15.0,34
1390,47,Male,91.9,34
1391,46,Female,68.5,26
1392,66,Female,29.8,53
1393,62,Female,33.1,40
1394,46,Female,101.9,29
1395,47,Male,36.4,24
1396,33,Female,31.2,32
1397,57,Male,88.4,78
1398,36,Male,68.5,33
1399,35,Female,36.6,37
1400,18,Male,65.4,39
1401,31,Male,34.4,58
1402,68,Male,87.5,61
1403,64,Male,86.5,1
1404,67,Female,73.3,76
1405,19,Female,69.0,86
1406,45,Female,104.0,24
1407,66,Female,60.0,26
1408,67,Male,30.5,39
1409,47,Male,71.2,31
1410,55,Female,112.2,56
1411,68,Female,34.6,1
1412,21,Female,51.0,22
1413,18,Male,70.4,88
1414,25,Female,58.7,27
1415,46,Female,35.4,81
1416,56,Female,88.0,59
1417,20,Male,118.0,5
1418,49,Male,64.9,66
1419,27,Male,37.4,47
1420,27,Male,21.3,39
1421,36,Male,66.4,56
1422,63,Male,87.6,62
1423,51,Male,71.9,68
1424,50,Male,59.9,79
1425,40,Female,45.3,60
1426,45,Female,32.7,16
1427,49,Male,80.9,38
1428,67,Male,82.8,100
1429,24,Female,21.4,68
1430,46,Male,99.7,100
1431,25,Male,74.4,85
1432,18,Male,95.0,56
1433,20,Female,26.4,58
1434,41,Female,25.9,49
1435,40,Female,56.3,7
1436,25,Female,72.6,50
1437,64,Female,104.9,80
1438,54,Male,77.7,35
1439,20,Female,53.9,60
1440,68,Male,34.3,71
1441,50,Male,90.8,27
1442,45,Female,35.9,39
1443,64,Female,100.7,25
1444,25,Male,52.9,29
1445,51,Male,99.8,18
1446,52,Male,77.0,27
1447,49,Female,56.6,85
1448,41,Female,47.0,27
1449,31,Female,51.5,53
1450,49,Female,70.7,37
1451,63,Female,61.9,79
1452,60,Male,45.2,83
1453,33,Female,55.9,72
1454,21,Male,62.0,58
1455,69,Male,15.0,44
1456,54,Male,71.5,20
1457,38,Female,35.5,99
1458,31,Female,31.2,31
1459,48,Female,17.8,67
1460,65,Male,15.2,76
1461,35,Male,26.1,36
1462,24,Male,42.3,76
1463,27,Male,108.8,69
1464,24,Male,46.9,93
1465,50,Male,64.4,38
1466,40,Female,70.0,18
1467,38,Female,63.3,37
1468,36,Female,58.1,55
1469,65,Female,30.1,51
1470,36,Male,96.3,40
1471,53,Male,105.2,2
1472,46,Female,17.9,62
1473,35,Male,34.4,99
1474,19,Female,53.0,62
1475,18,Female,35.9,65
1476,64,Female,72.6,64
1477,22,Male,41.8,60
1478,37,Female,114.1,73
1479,28,Female,89.8,60
1480,59,Female,65.3,42
1481,19,Male,85.7,30
1482,20,Male,87.6,44
1483,40,Female,45.9,58
1484,29,Male,39.6,42
1485,37,Male,62.0,58
1486,22,Male,81.5,61
1487,54,Male,63.5,71
1488,55,Male,20.6,82
1489,47,Male,39.9,52
1490,26,Male,58.2,17
1491,51,Male,58.1,41
1492,70,Male,109.3,51
1493,61,Male,25.4,4
1494,52,Female,72.6,85
1495,69,Female,97.2,54
1496,39,Male,116.8,60
1497,61,Female,49.9,84
1498,41,Female,72.3,34
1499,34,Male,74.2,64
1500,27,Male,64.9,47
1501,47,Male,57.5,45
1502,63,Female,70.9,31
1503,40,Female,15.0,92
1504,49,Male,77.1,41
1505,34,Male,63.2,67
1506,67,Male,54.4,3
1507,68,Female,111.2,79
1508,34,Female,43.1,76
1509,31,Female,49.9,52
1510,26,Female,109.8,44
1511,57,Male,39.2,60
1512,19,Male,46.2,100
1513,62,Male,56.3,6
1514,42,Male,81.0,70
1515,56,Female,65.2,27
1516,26,Female,27.7,50
1517,39,Male,46.7,44
1518,60,Male,44.8,39
1519,63,Female,58.1,50
1520,21,Male,70.6,22
1521,43,Female,70.5,76
1522,46,Male,15.6,5
1523,62,Male,86.6,63
1524,51,Male,66.3,42
1525,40,Male,94.6,21
1526,54,Male,71.1,55
1527,28,Male,87.5,11
1528,23,Male,71.7,51
1529,35,Female,93.7,14
1530,38,Female,73.1,62
1531,59,Female,57.6,27
1532,53,Female,116.8,39
1533,58,Female,82.2,57
1534,55,Male,74.3,31
1535,51,Male,28.1,49
1536,34,Female,27.8,12
1537,54,Male,67.3,66
1538,42,Female,63.6,94
1539,55,Female,44.6,100
1540,29,Male,63.5,52
1541,40,Male,99.7,70
1542,70,Male,77.4,5
1543,59,Female,31.5,88
1544,39,Male,57.2,69
1545,38,Female,39.9,38
1546,44,Female,50.3,81
1547,48,Female,49.7,44
1548,23,Male,48.1,39
1549,44,Male,28.6,62
1550,57,Female,56.8,23
1551,51,Male,46.0,76
1552,29,Male,15.0,24
1553,62,Male,111.3,24
1554,70,Female,87.2,27
1555,24,Female,50.6,69
1556,27,Male,60.5,35
1557,62,Female,30.7,16
1558,34,Male,102.4,35
1559,43,Male,107.4,49
1560,38,Male,63.9,20
1561,45,Male,85.6,21
1562,63,Female,64.4,100
1563,19,Female,26.6,28
1564,60,Female,49.7,42
1565,18,Male,63.3,41
1566,68,Male,48.6,39
1567,70,Male,54.5,66
1568,53,Female,57.7,74
1569,68,Male,58.0,42
1570,43,Female,61.3,19
1571,46,Female,33.5,82
1572,38,Female,42.1,48
1573,28,Female,27.9,93
1574,57,Female,84.4,1
1575,28,Female,15.0,55
1576,53,Male,88.8,98
1577,66,Male,94.7,41
1578,56,Female,52.4,44
1579,52,Female,51.0,36
1580,51,Male,58.4,42
1581,64,Female,34.7,42
1582,41,Female,47.1,34
1583,39,Male,98.3,81
1584,22,Female,76.6,62
1585,50,Female,36.9,56
1586,53,Female,20.1,70
1587,64,Male,51.8,43
1588,37,Male,54.7,31
1589,36,Male,72.4,35
1590,52,Female,46.6,50
1591,69,Female,72.8,24
1592,60,Male,108.4,37
1593,34,Female,80.4,37
1594,62,Female,58.8,100
1595,60,Female,55.4,1
1596,51,Female,51.1,46
1597,26,Female,89.5,93
1598,43,Male,44.3,53
1599,19,Female,61.1,69
1600,70,Male,61.3,52
1601,26,Female,47.5,33
1602,26,Male,25.7,1
1603,57,Female,68.1,55
1604,34,Male,58.5,31
1605,18,Female,72.5,30
1606,42,Male,46.7,38
1607,60,Female,90.5,94
1608,57,Male,38.1,100
1609,59,Female,102.8,55
1610,42,Male,16.3,38
1611,56,Male,70.9,21
1612,52,Female,71.9,62
1613,20,Female,40.1,95
1614,67,Male,70.6,44
1615,54,Female,92.0,1
1616,61,Male,15.0,67
1617,61,Male,72.6,75
1618,68,Male,15.0,10
1619,47,Female,35.9,54
1620,55,Male,100.7,61
1621,51,Male,45.5,48
1622,29,Female,30.7,30
1623,36,Female,55.1,75
1624,54,Female,111.7,40
1625,61,Female,15.0,13
1626,66,Male,33.7,1
1627,34,Male,97.4,82
1628,27,Male,106.4,65
1629,66,Male,57.4,52
1630,64,Female,29.0,39
1631,29,Male,112.4,37
1632,33,Male,99.9,23
1633,41,Female,77.0,39
1634,36,Male,39.7,1
1635,25,Male,58.8,32
1636,48,Male,56.0,42
1637,38,Male,68.3,65
1638,34,Male,96.3,49
1639,40,Male,82.0,70
1640,54,Female,33.1,84
1641,33,Female,94.4,76
1642,23,Male,67.8,62
1643,25,Male,77.2,50
1644,42,Female,96.7,25
1645,35,Male,32.2,68
1646,42,Male,59.1,92
1647,29,Male,46.7,59
1648,32,Female,20.8,98
1649,43,Male,68.7,12
1650,58,Female,122.8,21
1651,62,Male,15.0,71
1652,43,Female,59.2,57
1653,64,Female,76.0,83
1654,49,Male,63.1,50
1655,27,Female,57.2,28
1656,33,Male,27.5,45
1657,24,Female,65.8,12
1658,34,Male,41.1,22
1659,40,Male,15.0,74
1660,43,Female,89.9,72
1661,38,Male,84.0,59
1662,39,Male,61.3,7
1663,24,Female,65.7,41
1664,31,Male,86.9,19
1665,32,Male,65.6,79
1666,70,Female,82.6,35
1667,24,Female,52.6,23
1668,26,Male,92.8,51
1669,68,Male,68.0,34
1670,65,Female,64.9,87
1671,25,Female,28.2,32
1672,67,Male,67.2,15
1673,40,Female,39.2,1
1674,46,Male,44.0,49
1675,35,Male,39.6,36
1676,48,Male,33.3,14
1677,47,Male,113.1,80
1678,69,Male,93.3,67
1679,56,Female,108.0,49
1680,52,Female,29.4,84
1681,35,Female,61.8,67
1682,59,Female,27.7,29
1683,56,Male,42.6,24
1684,34,Male,37.0,70
1685,31,Male,91.0,60
1686,48,Male,50.1,54
1687,41,Female,86.7,29
1688,52,Male,75.1,65
1689,61,Male,117.6,31
1690,62,Female,23.0,47
1691,51,Female,91.5,86
1692,20,Female,88.7,33
1693,54,Female,35.7,11
1694,60,Male,85.2,24
1695,57,Male,68.4,75
1696,43,Female,54.3,56
1697,40,Male,39.4,47
1698,61,Male,42.0,37
1699,56,Male,111.2,62
1700,32,Female,60.0,29
1701,66,Male,79.6,58
1702,21,Female,40.2,32
1703,46,Male,40.5,28
1704,39,Male,87.0,34
1705,42,Male,26.3,41
1706,30,Female,49.6,49
1707,35,Male,60.9,56
1708,50,Female,62.8,1
1709,33,Female,55.5,30
1710,62,Female,69.9,40
1711,59,Male,77.3,88
1712,61,Male,78.4,23
1713,19,Male,35.4,54
1714,52,Male,52.9,87
1715,59,Female,89.9,17
1716,51,Female,82.4,60
1717,47,Female,25.7,30
1718,30,Male,68.8,37
1719,30,Female,15.0,30
1720,35,Male,61.2,32
1721,49,Female,107.4,100
1722,49,Male,36.3,71
1723,52,Male,39.1,78
1724,56,Female,79.1,62
1725,63,Female,21.4,10
1726,69,Female,44.2,60
1727,46,Female,74.9,77
1728,66,Male,44.1,29
1729,46,Female,54.1,74
1730,70,Female,78.6,68
1731,61,Female,70.5,96
1732,33,Male,66.7,40
1733,61,Male,51.5,23
1734,64,Female,69.3,41
1735,27,Male,56.9,86
1736,47,Female,71.4,4
1737,42,Male,47.6,1
1738,56,Male,55.4,52
1739,37,Male,35.3,39
1740,22,Male,59.1,50
1741,18,Female,39.7,74
1742,47,Female,32.1,36
1743,66,Female,66.5,3
1744,20,Male,65.3,100
1745,62,Female,79.6,25
1746,31,Female,49.2,24
1747,47,Female,70.2,78
1748,67,Male,73.8,40
1749,21,Male,71.1,48
1750,35,Male,39.4,62
1751,54,Female,63.7,77
1752,42,Female,69.1,42
1753,65,Female,60.2,88
1754,18,Male,15.0,1
1755,70,Male,64.0,69
1756,63,Female,115.3,29
1757,32,Male,51.0,84
1758,26,Male,41.8,54
1759,32,Male,69.3,33
1760,66,Male,67.8,67
1761,41,Female,89.8,72
1762,21,Male,28.6,66
1763,29,Male,78.3,24
1764,54,Male,74.8,38
1765,54,Male,56.4,50
1766,60,Female,68.5,49
1767,23,Female,85.7,69
1768,56,Male,81.8,1
1769,63,Male,31.4,58
1770,41,Male,80.5,43
1771,28,Male,58.4,29
1772,30,Male,61.8,31
1773,51,Male,61.8,45
1774,42,Female,56.2,1
1775,24,Male,89.8,32
1776,69,Female,57.9,28
1777,21,Female,32.0,63
1778,25,Male,50.2,30
1779,37,Female,64.5,45
1780,46,Female,90.7,89
1781,70,Female,75.1,75
1782,68,Female,38.7,73
1783,62,Female,122.1,38
1784,63,Female,66.6,64
1785,27,Male,91.9,44
1786,60,Female,56.2,45
1787,51,Female,73.3,60
1788,43,Female,81.0,35
1789,58,Male,90.5,87
1790,66,Female,86.4,46
1791,20,Male,81.8,65
1792,23,Female,52.1,86
1793,22,Male,45.7,76
1794,22,Male,68.3,15
1795,64,Female,83.3,61
1796,40,Female,54.4,71
1797,66,Male,86.6,72
1798,26,Female,96.3,22
1799,52,Male,37.1,34
1800,37,Male,39.1,75
1801,66,Male,56.5,31
1802,59,Male,67.7,43
1803,52,Male,46.9,89
1804,67,Female,93.8,49
1805,35,Male,70.6,32
1806,34,Male,61.0,28
1807,41,Female,24.1,58
1808,20,Male,27.1,17
1809,49,Female,67.0,44
1810,52,Female,15.0,58
1811,55,Female,85.3,82
1812,30,Male,56.0,67
1813,64,Male,141.1,32
1814,42,Male,117.7,79
1815,26,Female,55.5,43
1816,21,Male,57.3,19
1817,31,Female,84.9,46
1818,54,Male,102.6,86
1819,51,Female,19.0,54
1820,28,Male,15.3,50
1821,58,Male,44.4,91
1822,20,Male,74.6,14
1823,45,Female,72.4,18
1824,46,Female,86.7,10
1825,26,Male,30.0,59
1826,20,Male,15.0,54
1827,42,Female,81.5,89
1828,51,Female,39.3,56
1829,29,Female,15.0,40
1830,59,Male,63.6,50
1831,26,Female,79.8,53
1832,32,Male,56.9,8
1833,57,Female,48.6,100
1834,42,Male,56.0,63
1835,22,Female,50.7,55
1836,28,Female,26.3,65
1837,51,Female,42.1,68
1838,41,Female,73.0,46
1839,32,Female,68.0,34
1840,55,Male,64.2,65
1841,25,Female,35.1,60
1842,22,Female,55.5,30
1843,65,Female,15.0,85
1844,43,Male,64.5,57
1845,35,Female,95.7,68
1846,23,Male,23.1,85
1847,54,Female,45.4,51
1848,65,Female,68.2,58
1849,30,Male,91.3,70
1850,45,Female,48.8,32
1851,22,Male,42.7,51
1852,30,Male,15.0,53
1853,34,Female,62.6,26
1854,67,Male,111.1,100
1855,57,Female,66.9,15
1856,62,Female,59.4,18
1857,49,Male,68.1,83
1858,46,Male,59.7,68
1859,68,Male,39.7,24
1860,20,Male,80.6,65
1861,57,Female,65.6,87
1862,51,Female,60.4,49
1863,57,Male,35.6,100
1864,44,Female,92.6,7
1865,30,Female,76.6,67
1866,62,Female,46.2,79
1867,50,Female,85.0,72
1868,23,Male,47.6,45
1869,41,Male,40.4,43
1870,36,Female,41.0,61
1871,33,Male,15.7,70
1872,57,Male,71.8,65
1873,45,Male,15.0,76
1874,50,Female,29.3,25
1875,65,Female,15.0,44
1876,58,Female,57.8,26
1877,30,Male,56.2,40
1878,60,Female,51.8,75
1879,62,Female,33.9,53
1880,42,Male,30.7,100
1881,70,Female,71.6,55
1882,59,Female,46.2,51
1883,53,Male,67.9,53
1884,44,Male,37.9,34
1885,55,Male,64.5,49
1886,24,Female,92.6,78
1887,22,Female,74.7,53
1888,60,Female,49.7,30
1889,62,Male,66.4,27
1890,68,Male,54.0,39
1891,48,Female,60.2,52
1892,40,Female,51.9,80
1893,59,Male,55.9,16
1894,27,Male,65.3,42
1895,49,Male,35.2,54
1896,60,Male,34.6,4
1897,70,Female,25.3,29
1898,47,Male,20.0,33
1899,56,Female,29.6,30
1900,48,Female,64.0,55
1901,35,Female,37.7,46
1902,53,Male,72.8,36
1903,19,Male,60.9,61
1904,31,Male,15.0,93
1905,30,Male,76.4,91
1906,46,Female,80.3,2
1907,29,Male,35.2,64
1908,56,Male,70.5,46
1909,19,Female,38.6,54
1910,49,Male,62.4,40
1911,30,Female,28.4,53
1912,63,Female,15.2,54
1913,44,Female,50.4,36
1914,66,Female,56.9,28
1915,58,Female,50.1,39
1916,34,Female,30.4,56
1917,57,Female,50.0,65
1918,48,Female,66.7,71
1919,51,Male,58.9,38
1920,41,Male,64.6,57
1921,62,Male,43.2,74
1922,52,Male,89.3,79
1923,65,Female,30.6,49
1924,23,Male,72.2,44
1925,36,Female,89.5,55
1926,47,Male,72.0,21
1927,24,Male,54.9,45
1928,27,Male,46.8,69
1929,58,Female,85.9,66
1930,49,Male,24.4,43
1931,51,Female,35.7,55
1932,45,Female,50.1,29
1933,32,Male,90.9,68
1934,47,Male,69.5,48
1935,54,Male,35.8,43
1936,46,Female,52.2,41
1937,39,Male,44.6,48
1938,21,Female,42.3,39
1939,37,Female,84.5,66
1940,49,Male,25.7,40
1941,53,Male,100.2,90
1942,67,Female,80.7,87
1943,21,Female,87.3,28
1944,44,Female,48.4,52
1945,34,Male,56.3,34
1946,29,Female,24.2,42
1947,39,Male,46.9,100
1948,34,Female,72.3,42
1949,27,Female,92.4,59
1950,18,Male,32.3,64
1951,39,Female,50.9,25
1952,43,Male,56.2,29
1953,35,Male,25.1,20
1954,67,Female,74.8,28
1955,31,Male,41.9,1
1956,64,Male,55.1,64
1957,46,Female,48.7,100
1958,29,Male,40.3,54
1959,53,Male,59.8,15
1960,52,Male,54.6,34
1961,69,Female,50.7,39
1962,29,Male,41.8,25
1963,24,Female,68.0,72
1964,46,Female,101.3,70
1965,28,Male,63.5,21
1966,50,Male,84.9,68
1967,23,Male,25.2,88
1968,64,Female,63.9,98
1969,32,Male,32.6,100
1970,49,Male,23.1,27
1971,68,Male,41.5,100
1972,28,Male,89.8,41
1973,40,Male,83.8,35
1974,43,Female,66.1,58
1975,51,Female,21.7,35
1976,63,Male,55.1,60
1977,51,Male,67.5,17
1978,46,Male,64.4,44
1979,21,Male,15.0,82
1980,34,Female,37.7,49
1981,52,Male,58.4,54
1982,30,Female,73.4,62
1983,58,Female,15.0,79
1984,56,Male,55.9,9
1985,32,Female,63.6,65
1986,46,Female,81.2,43
1987,46,Female,77.3,54
1988,28,Female,74.6,76
1989,69,Male,40.0,20
1990,49,Male,15.0,25
1991,19,Female,50.2,2
1992,64,Male,85.0,36
1993,31,Male,94.8,83
1994,37,Male,77.8,47
1995,39,Male,70.7,16
1996,28,Male,69.5,38
1997,44,Female,46.1,13
1998,20,Male,56.7,22
1999,34,Male,101.7,60
2000,61,Male,36.4,21
2001,45,Male,100.4,78
2002,46,Female,51.9,48
2003,38,Female,93.1,52
2004,64,Female,24.8,43
2005,33,Female,74.6,69
2006,54,Male,41.6,70
2007,37,Female,24.6,58
2008,23,Male,65.5,64
2009,36,Male,85.2,45
2010,22,Male,38.9,64
2011,20,Male,22.5,42
2012,18,Male,57.7,50
2013,55,Female,57.8,43
2014,32,Female,73.7,39
2015,51,Female,83.7,33
2016,52,Female,58.5,62
2017,66,Male,106.4,83
2018,42,Female,65.6,79
2019,41,Male,51.3,19
2020,29,Female,19.7,82
2021,35,Male,53.4,42
2022,32,Male,51.6,65
2023,61,Female,84.0,27
2024,33,Male,71.6,54
2025,44,Male,30.5,58
2026,25,Female,64.3,13
2027,63,Male,76.8,65
2028,42,Female,98.2,84
2029,34,Female,82.2,46
2030,46,Female,79.0,84
2031,70,Male,61.5,45
2032,25,Male,69.7,71
2033,32,Male,91.2,1
2034,44,Female,26.7,100
2035,63,Male,51.3,87
2036,67,Female,40.7,43
2037,69,Female,69.5,1
2038,24,Male,90.8,57
2039,20,Female,45.1,14
2040,46,Male,15.0,61
2041,61,Male,49.7,60
2042,70,Male,82.8,26
2043,41,Male,73.4,78
2044,20,Male,70.7,70
2045,37,Female,53.0,74
2046,63,Female,28.0,50
2047,32,Female,72.9,15
2048,42,Male,39.1,74
2049,47,Male,114.6,43
2050,31,Male,74.3,15
2051,24,Female,45.5,84
2052,34,Male,44.7,100
2053,61,Female,57.7,49
2054,37,Female,54.0,100
2055,53,Male,87.9,52
2056,26,Male,64.7,40
2057,55,Female,41.7,34
2058,65,Male,107.3,91
2059,39,Female,61.2,30
2060,70,Male,79.2,68
2061,70,Male,44.8,36
2062,19,Female,69.1,38
2063,41,Male,67.8,76
2064,25,Female,15.0,40
2065,28,Male,110.4,40
2066,30,Female,92.3,78
2067,34,Female,50.1,90
2068,25,Male,32.4,66
2069,38,Female,68.7,34
2070,35,Male,62.2,37
2071,47,Male,68.9,52
2072,35,Male,64.8,58
2073,63,Female,72.7,25
2074,64,Female,96.2,68
2075,48,Male,74.2,52
2076,55,Male,33.8,7
2077,49,Female,94.1,27
2078,28,Male,101.0,37
2079,62,Male,138.8,48
2080,42,Female,31.9,97
2081,50,Male,66.1,56
2082,55,Female,15.0,29
2083,58,Male,73.8,56
2084,25,Female,46.3,41
2085,28,Male,108.1,58
2086,39,Male,40.6,65
2087,68,Female,17.8,80
2088,41,Male,48.2,49
2089,58,Female,15.0,91
2090,34,Male,78.8,73
2091,29,Female,15.0,32
2092,63,Female,60.7,100
2093,49,Female,15.0,58
2094,32,Female,52.0,29
2095,33,Male,101.1,91
2096,39,Male,69.0,100
2097,45,Female,38.4,49
2098,37,Female,59.2,37
2099,50,Female,60.5,46
2100,27,Male,71.8,68
2101,57,Male,25.8,82
2102,49,Male,74.8,64
2103,67,Male,15.0,53
2104,50,Female,44.3,87
2105,19,Female,47.8,42
2106,50,Female,75.8,76
2107,50,Male,60.6,43
2108,58,Male,24.9,61
2109,30,Male,35.4,47
2110,47,Female,65.0,49
2111,50,Female,58.0,41
2112,30,Male,45.5,84
2113,69,Female,48.0,32
2114,43,Male,77.4,31
2115,39,Male,47.1,100
2116,56,Female,57.8,74
2117,19,Male,114.2,1
2118,55,Female,24.4,36
2119,56,Male,15.0,5
2120,43,Female,79.6,26
2121,63,Female,43.0,1
2122,67,Female,52.0,47
2123,32,Male,40.5,21
2124,51,Male,53.5,51
2125,59,Female,100.0,9
2126,61,Female,80.1,52
2127,66,Male,81.6,40
2128,57,Male,24.6,88
2129,28,Male,31.2,85
2130,20,Female,15.0,70
2131,23,Male,39.8,42
2132,26,Male,83.9,100
2133,23,Female,72.9,11
2134,26,Male,54.5,15
2135,56,Male,59.4,48
2136,48,Male,42.8,100
2137,49,Female,65.1,45
2138,58,Female,79.1,45
2139,67,Female,19.6,14
2140,29,Female,67.5,74
2141,25,Female,83.3,74
2142,25,Female,49.6,70
2143,67,Female,77.5,34
2144,45,Male,130.4,32
2145,37,Male,57.4,18
2146,64,Female,69.8,52
2147,24,Male,41.5,23
2148,28,Male,64.5,21
2149,37,Female,71.5,39
2150,33,Male,64.9,38
2151,21,Male,34.5,37
2152,23,Male,65.2,62
2153,39,Male,96.6,52
2154,43,Male,71.2,43
2155,20,Female,84.0,55
2156,58,Female,54.1,25
2157,59,Female,78.7,53
2158,31,Male,67.0,54
2159,28,Female,36.2,12
2160,35,Male,68.0,75
2161,29,Male,35.2,28
2162,40,Male,44.2,52
2163,29,Male,64.7,79
2164,30,Female,67.4,73
2165,42,Female,30.3,51
2166,62,Male,86.3,41
2167,68,Female,74.3,74
2168,36,Male,42.4,67
2169,63,Female,21.6,35
2170,53,Female,56.4,30
2171,62,Male,48.9,1
2172,25,Female,62.8,54
2173,46,Male,50.9,48
2174,70,Female,15.0,78
2175,49,Male,50.3,59
2176,68,Male,52.4,83
2177,61,Female,75.8,33
2178,35,Female,42.5,78
2179,23,Male,102.0,37
2180,35,Female,15.0,69
2181,36,Female,92.8,14
2182,39,Male,54.4,56
2183,54,Male,81.5,1
2184,49,Female,62.0,43
2185,58,Male,88.5,61
2186,20,Male,50.3,37
2187,45,Male,32.5,24
2188,27,Female,95.5,71
2189,68,Female,57.2,47
2190,52,Male,65.5,38
2191,46,Female,90.9,51
2192,32,Male,34.2,100
2193,50,Female,74.9,79
2194,24,Male,45.3,79
2195,29,Male,56.7,61
2196,66,Female,61.8,54
2197,47,Male,22.5,1
2198,38,Female,40.5,33
2199,48,Female,93.8,38
2200,41,Male,82.2,3
2201,37,Male,58.4,21
2202,54,Female,66.1,1
2203,21,Male,52.6,49
2204,45,Male,93.9,70
2205,61,Male,55.0,78
2206,37,Male,65.8,60
2207,41,Male,88.7,26
2208,67,Female,40.6,2
2209,66,Female,99.0,6
2210,68,Male,21.7,18
2211,49,Male,100.7,28
2212,58,Male,50.7,46
2213,53,Female,53.9,25
2214,70,Male,15.0,58
2215,51,Female,48.6,44
2216,53,Female,34.0,50
2217,19,Female,44.8,79
2218,32,Male,56.6,20
2219,51,Female,83.9,60
2220,53,Male,65.2,50
2221,23,Female,67.7,42
2222,56,Male,32.6,72
2223,59,Female,38.0,72
2224,68,Male,105.0,26
2225,68,Female,41.6,45
2226,29,Male,101.4,57
2227,20,Male,53.9,43
2228,62,Male,60.1,65
2229,35,Male,86.8,57
2230,57,Female,91.8,96
2231,38,Female,57.2,12
2232,32,Male,50.3,47
2233,50,Female,58.6,27
2234,52,Male,68.4,65
2235,43,Male,82.3,10
2236,25,Female,60.1,59
2237,53,Male,75.5,34
2238,65,Male,101.0,32
2239,47,Female,69.5,14
2240,40,Male,67.8,38
2241,59,Male,22.0,77
2242,61,Male,15.0,49
2243,31,Male,69.7,66
2244,31,Female,57.6,92
2245,19,Female,47.1,57
2246,54,Female,66.1,36
2247,22,Male,58.5,62
2248,55,Male,88.2,36
2249,62,Female,62.2,37
2250,58,Male,41.3,12
2251,64,Male,84.8,73
2252,31,Male,54.6,40
2253,56,Male,73.2,55
2254,42,Female,48.1,24
2255,37,Female,43.8,61
2256,19,Female,62.1,31
2257,56,Male,60.3,46
2258,23,Female,72.0,72
2259,34,Female,53.3,70
2260,42,Male,15.0,49
2261,45,Male,49.2,6
2262,19,Female,79.8,100
2263,52,Female,52.6,94
2264,54,Female,53.8,68
2265,22,Female,84.7,31
2266,18,Male,42.2,47
2267,57,Female,21.4,36
2268,29,Female,56.0,82
2269,53,Male,47.9,57
2270,62,Female,35.8,30
2271,40,Male,55.6,38
2272,64,Male,72.3,78
2273,48,Male,59.8,90
2274,28,Female,67.7,88
2275,27,Female,105.3,69
2276,20,Male,51.4,44
2277,31,Female,67.0,1
2278,33,Female,47.3,57
2279,27,Male,38.8,50
2280,46,Male,45.4,53
2281,27,Female,48.0,51
2282,29,Male,69.0,17
2283,47,Female,118.7,64
2284,58,Female,42.1,66
2285,18,Female,49.6,67
2286,22,Female,58.4,74
2287,37,Male,69.9,65
2288,25,Male,66.6,40
2289,60,Male,92.1,48
2290,29,Male,15.0,52
2291,18,Female,15.0,53
2292,37,Female,47.6,75
2293,45,Male,87.4,66
2294,60,Female,20.9,100
2295,54,Female,15.0,100
2296,64,Female,74.3,52
2297,29,Male,32.7,81
2298,54,Male,35.4,36
2299,66,Male,35.8,30
2300,66,Female,62.8,40
2301,61,Male,44.3,39
2302,45,Male,72.4,65
2303,64,Male,15.0,11
2304,32,Male,38.6,23
2305,23,Male,31.8,59
2306,61,Male,53.6,66
2307,37,Female,46.5,66
2308,67,Female,79.9,30
2309,31,Male,15.0,26
2310,19,Male,61.1,37
2311,26,Female,74.0,56
2312,54,Female,106.4,87
2313,37,Male,48.0,1
2314,43,Male,68.1,44
2315,46,Male,15.0,17
2316,18,Male,15.0,9
2317,52,Female,81.1,74
2318,23,Male,59.9,64
2319,54,Male,89.5,61
2320,70,Male,25.7,73
2321,22,Male,73.0,38
2322,50,Female,106.7,39
2323,66,Female,70.5,100
2324,68,Female,66.9,44
2325,31,Male,60.2,68
2326,29,Male,20.7,50
2327,59,Female,93.9,4
2328,37,Male,44.7,1
2329,70,Male,72.6,36
2330,67,Female,20.9,76
2331,41,Female,30.5,70
2332,60,Female,95.9,73
2333,51,Female,51.3,25
2334,42,Male,96.3,90
2335,67,Male,58.0,26
2336,46,Female,15.0,55
2337,56,Male,82.3,50
2338,48,Female,45.3,46
2339,64,Female,77.5,83
2340,60,Male,60.6,32
2341,67,Female,21.4,16
2342,40,Male,64.1,50
2343,61,Male,114.9,40
2344,55,Male,72.3,100
2345,37,Male,58.6,67
2346,40,Female,86.9,40
2347,62,Male,65.3,24
2348,69,Female,65.2,3
2349,33,Female,32.7,24
2350,67,Female,65.8,53
2351,59,Female,85.9,86
2352,25,Male,39.1,78
2353,67,Male,95.6,56
2354,38,Female,57.7,42
2355,18,Female,37.8,57
2356,25,Male,84.9,37
2357,46,Female,52.8,93
2358,49,Male,79.0,45
2359,55,Female,52.7,48
2360,22,Male,58.5,1
2361,64,Female,72.3,45
2362,39,Female,67.3,71
2363,64,Male,15.0,23
2364,51,Female,32.0,31
2365,18,Female,83.2,70
2366,43,Male,56.7,13
2367,60,Female,46.9,76
2368,27,Male,26.0,37
2369,47,Male,33.0,40
2370,67,Female,15.0,22
2371,35,Female,57.5,59
2372,34,Female,45.0,100
2373,43,Female,35.8,70
2374,25,Female,58.3,28
2375,64,Female,69.1,78
2376,57,Female,112.3,42
2377,66,Male,22.2,84
2378,29,Female,89.0,70
2379,44,Male,84.3,1
2380,25,Female,40.5,25
2381,42,Female,65.1,74
2382,63,Male,48.6,54
2383,21,Female,64.6,24
2384,50,Female,97.7,34
2385,18,Male,75.1,2
2386,36,Female,72.7,48
2387,48,Female,49.2,100
2388,33,Female,22.9,70
2389,31,Male,54.8,100
2390,70,Female,90.2,72
2391,65,Female,21.8,76
2392,22,Female,33.6,99
2393,58,Female,63.2,59
2394,43,Male,35.4,45
2395,45,Male,40.2,76
2396,19,Female,49.4,86
2397,67,Female,25.9,38
2398,23,Male,35.6,32
2399,26,Male,77.6,53
2400,50,Female,27.3,71
2401,58,Male,20.1,70
2402,42,Female,44.2,14
2403,65,Male,78.3,98
2404,30,Male,55.1,34
2405,26,Male,48.4,43
2406,70,Male,61.1,27
2407,30,Female,16.4,100
2408,48,Male,72.4,56
2409,58,Male,69.6,29
2410,28,Female,49.8,72
2411,21,Male,85.1,69
2412,51,Male,31.8,45
2413,55,Female,88.2,71
2414,63,Male,63.9,29
2415,21,Female,51.6,38
2416,55,Female,59.5,1
2417,36,Female,57.3,17
2418,23,Female,90.5,95
2419,51,Male,33.1,91
2420,35,Female,40.9,52
2421,30,Male,85.9,92
2422,58,Male,45.1,46
2423,40,Male,82.5,44
2424,36,Male,102.5,51
2425,62,Male,50.0,47
2426,28,Male,77.0,45
2427,18,Male,31.2,79
2428,41,Male,78.9,54
2429,24,Male,65.0,68
2430,42,Male,71.8,76
2431,38,Female,43.9,60
2432,32,Female,18.5,26
2433,18,Female,72.6,16
2434,29,Male,15.0,54
2435,24,Female,52.1,46
2436,32,Female,83.5,52
2437,38,Female,64.8,50
2438,36,Male,108.7,100
2439,46,Male,85.6,17
2440,42,Male,43.7,1
2441,50,Male,60.7,58
2442,66,Female,58.8,41
2443,49,Female,20.4,58
2444,66,Female,36.5,65
2445,52,Female,46.0,82
2446,61,Male,15.0,12
2447,55,Male,61.2,36
2448,43,Male,53.8,61
2449,28,Female,18.2,69
2450,52,Male,70.1,100
2451,25,Male,77.9,74
2452,63,Female,65.7,49
2453,31,Female,51.9,28
2454,27,Male,74.8,36
2455,19,Male,77.0,35
2456,63,Male,67.7,66
2457,26,Male,39.4,56
2458,20,Male,66.9,17
2459,38,Male,89.9,39
2460,43,Female,45.1,72
2461,25,Female,112.4,59
2462,65,Female,46.9,64
2463,19,Male,60.8,60
2464,23,Female,43.2,91
2465,45,Male,65.6,56
2466,70,Male,16.4,40
2467,46,Female,46.3,27
2468,43,Male,32.7,56
2469,42,Male,63.4,1
2470,29,Female,84.9,45
2471,22,Female,76.2,45
2472,51,Female,15.0,16
2473,65,Male,111.1,27
2474,54,Female,67.4,70
2475,32,Female,40.6,56
2476,61,Male,63.9,53
2477,53,Female,64.4,58
2478,32,Female,43.3,52
2479,60,Female,64.9,81
2480,65,Male,44.8,53
2481,40,Male,49.9,14
2482,23,Male,42.8,91
2483,63,Male,24.2,59
2484,67,Female,63.6,35
2485,61,Male,74.6,19
2486,60,Male,72.9,60
2487,62,Female,80.5,47
2488,38,Female,68.1,89
2489,40,Female,46.7,41
2490,60,Male,81.0,29
2491,33,Male,26.1,72
2492,64,Male,37.5,73
2493,70,Female,35.9,54
2494,32,Female,87.0,67
2495,42,Male,83.6,49
2496,53,Female,72.2,56
2497,28,Female,86.8,79
2498,68,Female,38.0,66
2499,32,Male,68.7,46
2500,21,Female,56.9,84
2501,38,Female,81.2,1
2502,30,Male,57.1,100
2503,39,Male,50.4,7
2504,36,Female,73.5,34
2505,51,Female,81.9,49
2506,31,Male,43.3,46
2507,21,Male,58.5,75
2508,65,Female,33.5,24
2509,70,Female,15.0,57
2510,69,Female,65.0,36
2511,63,Female,75.2,57
2512,44,Male,66.6,48
2513,46,Female,15.0,52
2514,64,Female,51.2,36
2515,45,Male,15.0,37
2516,52,Female,94.2,57
2517,25,Male,32.8,74
2518,33,Female,91.4,35
2519,59,Female,83.6,28
2520,53,Male,37.5,65
2521,47,Male,31.7,49
2522,35,Female,68.8,71
2523,19,Female,38.9,27
2524,66,Female,62.6,6
2525,30,Male,47.9,37
2526,21,Female,15.5,31
2527,43,Male,15.0,48
2528,42,Male,65.7,34
2529,47,Female,46.0,69
2530,28,Male,46.2,43
2531,24,Female,77.4,54
2532,48,Female,89.3,54
2533,61,Female,53.2,55
2534,27,Female,51.5,49
2535,56,Female,72.5,63
2536,30,Male,26.1,30
2537,48,Male,65.6,85
2538,24,Female,73.8,44
2539,66,Female,77.0,17
2540,59,Male,15.0,55
2541,59,Male,41.0,29
2542,53,Male,38.0,67
2543,37,Male,62.5,100
2544,21,Female,72.0,30
2545,24,Female,97.4,58
2546,18,Male,47.6,6
2547,61,Female,47.6,61
2548,62,Male,88.7,28
2549,59,Female,67.4,34
2550,64,Male,91.7,22
2551,30,Female,67.2,68
2552,39,Male,31.1,75
2553,38,Male,26.7,51
2554,39,Female,21.2,28
2555,45,Male,76.6,90
2556,26,Female,89.7,31
2557,43,Female,106.2,1
2558,26,Male,81.1,61
2559,32,Female,89.1,22
2560,27,Female,45.5,75
2561,41,Female,31.1,40
2562,59,Female,81.3,65
2563,25,Female,70.4,85
2564,41,Male,62.7,20
2565,33,Female,69.7,36
2566,66,Female,68.1,48
2567,43,Female,92.1,88
2568,44,Female,92.4,34
2569,54,Female,73.6,35
2570,21,Male,81.1,62
2571,67,Female,72.9,36
2572,41,Male,48.5,54
2573,36,Male,78.9,11
2574,53,Male,25.1,100
2575,56,Male,86.3,16
2576,27,Female,30.1,42
2577,42,Male,67.1,49
2578,35,Male,38.9,98
2579,36,Female,73.8,17
2580,53,Female,59.2,100
2581,27,Female,20.1,69
2582,50,Male,70.5,60
2583,67,Female,45.6,25
2584,22,Female,82.0,64
2585,64,Male,60.0,32
2586,66,Female,69.9,82
2587,52,Female,36.1,26
2588,61,Female,45.3,47
2589,51,Female,48.5,36
2590,50,Male,81.4,25
2591,38,Female,101.9,69
2592,34,Female,39.9,63
2593,39,Male,86.9,80
2594,65,Female,15.0,6
2595,54,Male,30.1,77
2596,32,Female,36.0,100
2597,52,Male,26.2,39
2598,45,Male,20.4,97
2599,24,Male,70.3,43
2600,49,Male,54.6,16
2601,28,Female,69.5,42
2602,27,Male,77.3,76
2603,26,Female,66.6,29
2604,31,Male,76.4,35
2605,30,Male,58.3,65
2606,42,Male,30.3,50
2607,19,Female,86.4,65
2608,52,Male,45.3,56
2609,24,Female,36.6,62
2610,38,Female,55.6,39
2611,35,Female,37.2,56
2612,20,Female,49.6,27
2613,59,Female,68.6,82
2614,56,Female,68.7,34
2615,58,Female,37.6,78
2616,66,Female,47.8,44
2617,28,Female,86.9,55
2618,56,Male,72.4,38
2619,41,Male,111.9,25
2620,63,Male,89.5,6
2621,36,Male,88.6,24
2622,21,Male,25.3,42
2623,43,Female,79.1,55
2624,55,Female,58.7,75
2625,59,Female,46.2,39
2626,49,Female,64.2,28
2627,56,Female,83.6,14
2628,62,Female,72.5,62
2629,63,Female,38.0,85
2630,53,Male,78.6,82
2631,57,Male,44.1,68
2632,54,Male,65.4,66
2633,50,Male,52.4,92
2634,53,Female,54.5,58
2635,20,Female,79.2,66
2636,26,Female,34.0,42
2637,25,Male,108.6,16
2638,50,Female,15.0,33
2639,23,Female,45.1,50
2640,58,Female,69.3,52
2641,56,Male,74.6,98
2642,21,Female,57.5,52
2643,30,Male,58.6,79
2644,66,Male,70.3,39
2645,19,Male,54.2,42
2646,22,Male,94.8,17
2647,61,Female,81.0,31
2648,44,Male,81.8,63
2649,49,Male,35.8,50
2650,38,Female,58.0,74
2651,25,Female,52.5,55
2652,55,Male,34.9,41
2653,25,Female,69.0,100
2654,67,Male,46.6,48
2655,20,Male,76.4,79
2656,61,Male,33.2,40
2657,20,Male,103.0,68
2658,39,Female,37.6,73
2659,23,Male,65.5,55
2660,19,Female,79.8,1
2661,40,Female,45.7,50
2662,61,Female,81.3,81
2663,19,Female,29.3,63
2664,55,Male,96.3,61
2665,34,Female,60.4,7
2666,52,Male,45.1,32
2667,51,Female,52.5,60
2668,40,Female,80.2,60
2669,47,Male,45.4,80
2670,69,Male,41.3,46
2671,25,Male,54.5,60
2672,39,Female,30.6,50
2673,61,Female,105.5,25
2674,53,Male,45.8,1
2675,22,Male,80.8,61
2676,30,Male,65.2,54
2677,46,Male,35.4,35
2678,48,Female,59.9,10
2679,64,Male,79.6,66
2680,33,Male,55.3,43
2681,59,Male,89.8,64
2682,47,Male,85.5,97
2683,33,Female,83.0,1
2684,29,Male,48.5,33
2685,34,Female,33.0,45
2686,33,Male,44.7,86
2687,29,Male,64.9,9
2688,25,Female,73.6,98
2689,37,Male,15.0,53
2690,20,Female,59.8,48
2691,33,Female,64.0,45
2692,47,Male,53.1,39
2693,62,Female,92.3,76
2694,40,Female,70.5,23
2695,45,Female,92.8,59
2696,68,Female,54.6,40
2697,57,Female,83.4,31
2698,22,Female,100.9,100
2699,37,Female,92.8,60
2700,57,Female,32.7,65
2701,61,Male,53.7,78
2702,18,Male,51.4,14
2703,47,Female,72.2,94
2704,38,Male,77.2,1
2705,37,Female,39.0,31
2706,23,Female,61.7,39
2707,39,Male,15.0,65
2708,35,Female,96.0,55
2709,25,Female,47.2,46
2710,56,Female,61.4,50
2711,49,Female,52.3,26
2712,50,Male,88.7,13
2713,70,Female,15.0,68
2714,33,Female,59.6,67
2715,29,Female,57.4,90
2716,55,Male,48.7,30
2717,69,Female,103.2,67
2718,51,Male,37.8,43
2719,31,Male,79.3,80
2720,53,Female,68.9,76
2721,50,Female,91.5,55
2722,40,Male,43.3,42
2723,67,Female,41.7,74
2724,62,Male,87.4,66
2725,19,Male,70.6,33
2726,58,Female,21.4,17
2727,38,Female,46.5,43
2728,19,Male,69.7,88
2729,44,Male,80.9,79
2730,26,Male,43.0,22
2731,18,Male,15.0,21
2732,28,Female,73.1,82
2733,20,Female,29.5,22
2734,69,Female,15.0,63
2735,40,Female,15.0,35
2736,43,Female,80.3,90
2737,21,Male,63.2,31
2738,35,Female,54.4,79
2739,23,Female,94.7,55
2740,52,Female,75.9,56
2741,39,Female,100.4,1
2742,60,Female,25.2,1
2743,32,Male,59.1,44
2744,39,Male,19.6,56
2745,54,Male,54.3,22
2746,69,Female,53.8,23
2747,59,Male,75.7,64
2748,29,Male,61.1,64
2749,64,Female,75.6,47
2750,66,Female,77.6,70
2751,59,Female,113.9,21
2752,55,Male,52.1,41
2753,35,Male,36.5,91
2754,62,Female,66.2,52
2755,52,Female,39.9,53
2756,47,Male,97.0,100
2757,41,Male,52.9,15
2758,59,Female,45.9,70
2759,47,Female,48.2,92
2760,31,Male,78.0,42
2761,23,Female,56.1,71
2762,20,Male,44.0,25
2763,33,Male,101.6,33
2764,24,Male,38.6,60
2765,69,Male,60.9,70
2766,31,Female,76.3,78
2767,26,Female,19.2,89
2768,32,Male,72.0,48
2769,38,Male,33.6,80
2770,52,Male,80.6,41
2771,19,Male,35.9,73
2772,44,Male,77.3,55
2773,19,Female,87.6,61
2774,52,Female,81.5,61
2775,35,Female,66.3,10
2776,31,Female,54.2,22
2777,37,Male,45.6,53
2778,35,Male,96.8,8
2779,27,Male,42.5,71
2780,42,Male,34.1,72
2781,19,Male,76.6,58
2782,42,Female,40.1,22
2783,50,Male,36.2,85
2784,53,Female,23.9,100
2785,48,Female,47.9,54
2786,31,Female,57.9,63
2787,18,Female,66.1,55
2788,63,Male,83.8,63
2789,33,Female,73.2,47
2790,63,Female,55.2,49
2791,69,Female,55.0,73
2792,20,Male,72.8,100
2793,52,Male,91.8,15
2794,58,Male,63.2,47
2795,23,Female,48.3,20
2796,42,Female,35.2,90
2797,30,Male,23.9,35
2798,70,Female,76.7,14
2799,51,Male,74.4,66
2800,25,Male,74.4,94
2801,38,Female,56.8,67
2802,51,Female,95.2,55
2803,21,Female,47.9,60
2804,42,Female,83.9,85
2805,32,Male,59.0,28
2806,21,Male,44.8,47
2807,62,Male,74.8,39
2808,29,Male,70.2,21
2809,49,Male,68.9,42
2810,49,Female,62.0,78
2811,45,Male,59.1,64
2812,30,Male,119.7,66
2813,48,Male,89.6,54
2814,31,Female,78.1,63
2815,37,Female,62.8,30
2816,35,Female,85.2,42
2817,46,Female,72.9,55
2818,23,Male,60.7,57
2819,49,Male,52.4,58
2820,46,Female,58.0,47
2821,60,Female,15.0,41
2822,19,Male,65.3,100
2823,40,Male,47.8,73
2824,36,Female,99.8,60
2825,48,Female,60.5,44
2826,68,Female,30.3,39
2827,22,Female,58.8,47
2828,36,Male,33.8,57
2829,51,Male,71.8,3
2830,27,Male,67.3,11
2831,42,Female,83.9,34
2832,19,Female,40.2,55
2833,28,Male,60.9,44
2834,67,Male,25.9,87
2835,48,Male,77.5,13
2836,32,Male,73.0,31
2837,26,Female,72.4,88
2838,40,Male,60.0,53
2839,36,Male,70.4,72
2840,26,Male,100.1,100
2841,52,Male,52.9,33
2842,38,Male,63.5,48
2843,26,Male,32.8,43
2844,45,Male,38.3,1
2845,63,Female,62.4,42
2846,68,Female,87.6,72
2847,24,Female,53.6,64
2848,33,Female,54.1,65
2849,33,Male,49.8,41
2850,50,Female,46.6,34
2851,21,Female,67.4,82
2852,21,Male,22.6,38
2853,56,Male,92.0,57
2854,57,Female,43.4,54
2855,34,Female,78.0,87
2856,54,Male,28.3,74
2857,56,Female,76.7,18
2858,69,Male,76.8,20
2859,46,Male,69.6,64
2860,69,Male,35.1,48
2861,53,Male,66.2,39
2862,55,Female,30.4,75
2863,56,Male,53.7,55
2864,67,Male,85.7,51
2865,54,Female,79.9,69
2866,69,Male,60.4,41
2867,52,Female,35.6,89
2868,24,Female,76.1,30
2869,44,Female,60.5,66
2870,45,Male,15.0,86
2871,39,Female,79.6,16
2872,31,Female,59.4,41
2873,24,Male,90.1,79
2874,54,Female,32.6,79
2875,39,Female,15.0,46
2876,22,Female,67.0,32
2877,19,Female,67.3,74
2878,44,Female,17.7,80
2879,38,Male,35.5,21
2880,55,Female,128.9,20
2881,32,Female,52.4,56
2882,38,Male,78.3,66
2883,27,Male,43.7,43
2884,40,Male,15.0,67
2885,56,Female,55.7,32
2886,22,Male,53.4,1
2887,18,Female,50.0,39
2888,30,Female,57.1,52
2889,38,Male,66.6,43
2890,43,Male,56.2,21
2891,67,Female,28.4,5
2892,62,Male,72.2,37
2893,38,Female,15.0,72
2894,70,Male,15.0,81
2895,35,Male,78.5,80
2896,54,Male,72.7,30
2897,62,Female,58.6,21
2898,49,Male,25.1,62
2899,53,Female,42.3,66
2900,34,Female,53.4,60
2901,52,Female,20.1,1
2902,66,Female,41.5,28
2903,28,Male,76.3,49
2904,38,Female,95.7,62
2905,69,Female,49.5,69
2906,70,Male,78.9,54
2907,43,Female,15.0,58
2908,21,Male,76.5,52
2909,51,Female,39.9,67
2910,69,Male,67.7,58
2911,65,Female,53.8,52
2912,35,Male,93.0,43
2913,57,Female,38.1,52
2914,52,Female,75.7,62
2915,58,Male,53.0,57
2916,46,Male,56.0,60
2917,69,Male,55.4,84
2918,46,Male,38.9,57
2919,55,Female,59.6,34
2920,59,Female,58.4,72
2921,38,Male,66.0,16
2922,59,Female,62.1,23
2923,30,Male,79.9,58
2924,66,Male,83.1,63
2925,58,Female,33.7,19
2926,34,Female,81.7,40
2927,26,Female,30.3,35
2928,58,Female,74.7,38
2929,18,Female,75.5,74
2930,19,Female,15.0,68
2931,65,Female,62.3,50
2932,46,Male,48.3,36
2933,50,Male,41.0,16
2934,27,Male,93.8,86
2935,67,Male,43.7,65
2936,57,Male,39.8,32
2937,38,Female,61.9,68
2938,45,Male,77.1,48
2939,28,Male,56.5,43
2940,51,Male,89.2,61
2941,25,Male,73.3,31
2942,39,Male,15.0,41
2943,25,Male,46.8,53
2944,66,Male,46.0,38
2945,32,Female,72.0,67
2946,34,Female,15.0,97
2947,40,Male,123.7,31
2948,41,Female,73.3,8
2949,62,Female,63.7,1
2950,36,Female,89.5,46
2951,22,Female,118.6,33
2952,49,Male,81.8,55
2953,61,Female,83.7,53
2954,18,Female,63.3,10
2955,40,Female,56.5,5
2956,54,Male,48.1,57
2957,25,Male,39.3,53
2958,30,Male,42.8,39
2959,25,Male,26.2,9
2960,40,Male,58.1,62
2961,60,Male,17.9,82
2962,18,Male,64.8,57
2963,62,Female,59.1,29
2964,68,Female,63.7,51
2965,41,Female,46.9,16
2966,52,Male,136.9,76
2967,41,Male,94.0,52
2968,34,Male,28.9,6
2969,22,Male,65.8,42
2970,37,Male,44.8,62
2971,38,Female,34.6,42
2972,57,Female,26.5,43
2973,48,Male,70.8,19
2974,63,Male,43.0,64
2975,53,Male,84.2,34
2976,28,Male,84.8,1
2977,69,Female,94.3,41
2978,32,Male,38.7,75
2979,36,Male,71.9,40
2980,24,Male,75.8,93
2981,68,Male,48.1,61
2982,45,Female,40.7,58
2983,68,Male,100.2,47
2984,60,Male,65.7,48
2985,22,Female,75.9,43
2986,22,Female,39.4,42
2987,47,Female,29.5,63
2988,49,Male,45.8,27
2989,25,Male,56.9,23
2990,27,Female,33.4,22
2991,55,Female,59.8,100
2992,64,Female,17.8,63
2993,49,Female,32.0,58
2994,65,Female,76.8,24
2995,45,Female,75.1,66
2996,34,Male,50.2,47
2997,48,Male,34.6,55
2998,25,Male,34.3,26
2999,57,Female,50.7,54
3000,42,Female,76.1,39
3001,26,Female,83.2,31
3002,19,Female,47.6,68
3003,32,Female,31.2,12
3004,67,Female,66.7,64
3005,20,Male,39.4,67
3006,66,Male,47.0,28
3007,53,Female,93.1,29
3008,21,Male,80.7,44
3009,31,Female,63.9,57
3010,58,Male,28.2,46
3011,58,Female,65.3,61
3012,42,Female,86.6,94
3013,67,Male,50.6,37
3014,27,Male,93.8,7
3015,38,Female,92.3,71
3016,53,Female,101.6,92
3017,29,Male,67.6,60
3018,44,Male,74.7,23
3019,57,Female,95.4,47
3020,19,Male,71.2,22
3021,30,Female,47.5,66
3022,70,Female,48.8,16
3023,49,Female,66.0,42
3024,48,Female,27.7,25
3025,33,Male,56.4,53
3026,49,Male,87.4,41
3027,49,Male,15.0,54
3028,51,Male,98.4,51
3029,28,Male,88.1,25
3030,27,Male,48.5,66
3031,32,Male,73.6,49
3032,34,Female,60.1,25
3033,57,Male,90.7,100
3034,35,Male,84.6,62
3035,26,Female,25.0,46
3036,42,Male,74.7,85
3037,57,Male,54.9,96
3038,31,Female,62.1,46
3039,42,Male,41.8,59
3040,67,Male,103.7,25
3041,39,Male,86.0,46
3042,69,Female,41.5,45
3043,47,Male,26.6,55
3044,37,Male,50.4,58
3045,38,Female,70.9,64
3046,61,Male,66.0,56
3047,49,Female,91.3,20
3048,68,Female,79.7,27
3049,63,Male,84.2,36
3050,66,Female,68.2,43
3051,38,Female,25.3,76
3052,52,Male,55.1,21
3053,49,Female,86.5,41
3054,47,Female,58.7,74
3055,56,Male,72.6,43
3056,66,Male,52.0,62
3057,29,Male,34.3,47
3058,58,Female,56.9,56
3059,64,Male,67.7,44
3060,35,Female,43.6,67
3061,38,Female,54.1,11
3062,30,Female,36.5,41
3063,38,Female,88.0,57
3064,25,Female,52.6,63
3065,63,Female,96.3,87
3066,57,Female,98.2,40
3067,63,Male,58.0,87
3068,24,Male,34.8,34
3069,40,Female,15.0,83
3070,61,Female,23.2,70
3071,49,Male,25.7,27
3072,28,Female,94.5,58
3073,39,Male,62.9,49
3074,39,Male,69.7,66
3075,60,Male,15.0,44
3076,42,Female,30.1,42
3077,39,Female,82.2,84
3078,45,Male,67.2,48
3079,46,Male,56.3,71
3080,30,Male,74.1,44
3081,35,Male,100.9,92
3082,19,Male,54.5,33
3083,46,Female,61.7,35
3084,38,Male,64.8,88
3085,32,Female,119.8,39
3086,69,Male,15.0,90
3087,44,Female,77.1,72
3088,67,Female,57.1,46
3089,48,Female,74.2,5
3090,32,Female,43.6,50
3091,68,Female,58.8,53
3092,40,Female,77.8,79
3093,41,Male,137.8,90
3094,61,Female,80.2,33
3095,30,Male,38.8,70
3096,39,Female,49.4,69
3097,60,Female,48.7,77
3098,54,Male,15.1,62
3099,50,Female,51.7,1
3100,20,Male,78.3,46
3101,36,Male,28.1,21
3102,40,Male,86.2,45
3103,46,Male,72.2,75
3104,47,Female,41.6,58
3105,56,Female,56.5,79
3106,61,Male,100.0,59
3107,64,Female,78.3,18
3108,42,Female,60.2,1
3109,54,Male,54.1,54
3110,64,Female,61.9,45
3111,25,Male,47.2,26
3112,59,Male,15.0,7
3113,33,Female,111.1,32
3114,25,Female,63.9,45
3115,18,Female,70.0,67
3116,61,Male,58.6,55
3117,22,Male,41.6,90
3118,20,Female,55.4,24
3119,18,Female,20.0,72
3120,21,Female,116.9,51
3121,57,Female,29.1,67
3122,52,Male,34.2,39
3123,49,Female,49.0,77
3124,59,Male,92.2,57
3125,51,Male,60.4,33
3126,60,Female,29.1,50
3127,42,Female,91.4,44
3128,27,Female,78.3,62
3129,38,Male,73.5,21
3130,63,Female,77.9,49
3131,56,Female,119.9,60
3132,44,Male,114.6,51
3133,44,Female,42.8,84
3134,19,Male,100.6,69
3135,58,Female,69.6,50
3136,65,Male,72.5,55
3137,30,Female,17.7,57
3138,26,Female,55.7,60
3139,69,Male,39.7,4
3140,53,Male,80.7,42
3141,39,Female,86.8,13
3142,59,Male,15.0,82
3143,43,Male,59.4,48
3144,29,Male,88.0,45
3145,34,Male,55.3,72
3146,31,Female,78.2,61
3147,31,Female,68.8,22
3148,51,Male,68.5,48
3149,70,Male,53.2,42
3150,37,Male,29.6,6
3151,28,Male,32.0,33
3152,33,Female,77.7,45
3153,68,Female,60.5,47
3154,48,Male,56.5,13
3155,23,Male,49.4,79
3156,36,Male,52.4,47
3157,54,Female,86.2,51
3158,21,Male,51.6,60
3159,64,Female,26.5,30
3160,21,Male,78.6,61
3161,37,Female,54.9,41
3162,27,Male,60.8,28
3163,41,Female,100.2,64
3164,52,Male,59.5,87
3165,43,Male,67.2,68
3166,54,Male,30.5,73
3167,55,Female,54.5,37
3168,38,Male,75.2,10
3169,57,Female,21.1,87
3170,56,Female,65.0,100
3171,38,Male,62.5,89
3172,27,Male,61.0,42
3173,55,Male,85.9,21
3174,63,Female,68.4,23
3175,21,Male,97.0,8
3176,62,Female,35.2,47
3177,37,Female,63.4,90
3178,34,Male,62.1,46
3179,24,Male,33.3,58
3180,21,Male,83.9,84
3181,46,Male,118.1,40
3182,31,Male,59.6,100
3183,20,Male,72.6,100
3184,41,Female,62.1,47
3185,54,Female,42.2,36
3186,33,Female,15.0,67
3187,69,Male,42.4,41
3188,21,Female,25.2,21
3189,41,Female,102.6,82
3190,51,Female,57.1,80
3191,47,Female,51.4,54
3192,35,Female,82.2,18
3193,36,Male,32.0,19
3194,48,Male,40.8,53
3195,36,Female,61.7,38
3196,66,Female,85.7,41
3197,63,Female,72.5,76
3198,36,Male,66.2,68
3199,39,Male,62.0,84
3200,41,Female,70.0,25
3201,62,Male,65.0,41
3202,29,Male,34.3,69
3203,47,Female,61.2,61
3204,55,Male,33.2,88
3205,70,Male,62.0,61
3206,48,Female,48.0,96
3207,53,Male,123.5,64
3208,36,Male,59.0,77
3209,65,Female,24.9,42
3210,62,Male,56.6,50
3211,53,Male,73.0,73
3212,47,Female,101.8,90
3213,66,Female,45.3,68
3214,50,Female,20.4,48
3215,35,Male,80.4,84
3216,69,Female,25.5,1
3217,66,Male,49.1,14
3218,45,Female,53.6,67
3219,64,Male,58.3,50
3220,28,Female,77.2,65
3221,62,Female,42.9,52
3222,50,Female,53.2,64
3223,34,Female,59.6,30
3224,23,Male,63.7,64
3225,21,Female,62.4,75
3226,37,Female,70.9,81
3227,65,Male,81.1,100
3228,64,Female,69.8,56
3229,44,Male,71.3,57
3230,32,Female,20.4,12
3231,23,Female,61.3,37
3232,64,Female,72.0,45
3233,31,Male,78.2,76
3234,28,Female,42.7,35
3235,56,Female,43.5,70
3236,26,Female,45.6,50
3237,43,Male,73.4,46
3238,33,Male,85.8,56
3239,22,Female,49.8,40
3240,69,Male,82.7,39
3241,27,Female,63.1,7
3242,67,Female,56.9,44
3243,20,Female,54.7,38
3244,30,Female,78.7,37
3245,60,Female,68.1,60
3246,66,Female,116.9,66
3247,47,Female,38.7,56
3248,62,Male,73.0,75
3249,23,Male,46.8,64
3250,34,Male,38.3,43
3251,62,Male,59.7,38
3252,68,Male,63.4,58
3253,70,Male,133.0,64
3254,36,Male,55.4,85
3255,59,Female,31.7,80
3256,52,Female,66.8,36
3257,63,Female,15.0,47
3258,43,Female,57.7,67
3259,68,Male,60.4,77
3260,22,Male,79.9,73
3261,46,Female,84.3,48
3262,54,Female,47.4,19
3263,37,Male,56.2,25
3264,66,Female,40.8,57
3265,38,Female,31.8,59
3266,27,Female,67.7,23
3267,22,Female,28.2,51
3268,53,Male,49.6,66
3269,23,Female,35.1,21
3270,43,Female,73.7,78
3271,21,Male,105.0,41
3272,56,Male,27.5,81
3273,56,Female,15.0,37
3274,67,Male,56.9,24
3275,52,Female,60.4,39
3276,18,Female,65.5,48
3277,41,Male,48.8,40
3278,53,Female,55.0,45
3279,23,Female,69.2,58
3280,58,Female,86.0,46
3281,63,Female,15.0,48
3282,61,Male,50.8,7
3283,48,Male,65.3,60
3284,37,Female,37.1,48
3285,41,Male,103.3,90
3286,42,Female,44.1,27
3287,53,Female,59.0,5
3288,38,Female,73.9,65
3289,47,Female,45.2,59
3290,41,Female,15.0,25
3291,61,Male,49.3,12
3292,59,Female,85.7,88
3293,47,Male,51.6,85
3294,39,Male,38.8,1
3295,45,Female,83.1,39
3296,24,Female,51.7,92
3297,52,Female,47.2,38
3298,45,Female,63.7,38
3299,31,Female,79.3,43
3300,27,Male,119.5,22
3301,33,Female,80.7,7
3302,33,Female,89.0,76
3303,48,Male,47.4,4
3304,59,Male,34.4,56
3305,42,Female,61.6,72
3306,30,Male,62.7,14
3307,23,Female,33.0,27
3308,61,Male,55.6,80
3309,26,Male,70.0,63
3310,62,Female,69.0,35
3311,53,Male,72.6,80
3312,60,Male,67.3,80
3313,37,Male,47.3,57
3314,35,Male,47.2,27
3315,60,Male,30.0,40
3316,38,Male,104.6,57
3317,21,Female,60.3,45
3318,67,Female,54.4,73
3319,50,Male,36.8,12
3320,44,Female,133.4,13
3321,24,Female,33.2,55
3322,23,Female,49.3,38
3323,32,Male,70.4,34
3324,35,Female,75.0,6
3325,49,Male,83.9,50
3326,28,Female,105.2,49
3327,37,Male,72.7,66
3328,41,Male,33.6,52
3329,32,Female,53.6,47
3330,65,Female,67.7,79
3331,24,Male,111.7,17
3332,38,Female,25.1,63
3333,59,Female,90.1,8
3334,43,Female,64.5,29
3335,61,Male,80.9,20
3336,31,Male,57.5,70
3337,54,Female,38.9,48
3338,38,Female,78.8,50
3339,35,Female,76.4,22
3340,22,Male,84.3,43
3341,20,Male,59.7,31
3342,40,Female,45.0,60
3343,43,Female,21.0,25
3344,54,Female,80.5,83
3345,41,Female,70.6,8
3346,66,Female,35.9,30
3347,36,Female,46.5,92
3348,68,Male,48.3,39
3349,42,Female,22.9,17
3350,38,Male,39.6,55
3351,29,Female,31.7,38
3352,58,Female,49.7,29
3353,50,Male,41.5,23
3354,67,Male,19.3,100
3355,70,Male,110.6,44
3356,21,Male,91.3,2
3357,59,Female,40.5,87
3358,24,Male,66.8,65
3359,39,Female,70.4,31
3360,50,Male,89.8,27
3361,34,Female,39.5,67
3362,41,Female,87.3,44
3363,51,Female,46.3,2
3364,45,Female,26.6,95
3365,60,Female,78.1,39
3366,58,Female,92.3,87
3367,56,Male,124.7,82
3368,39,Female,30.0,25
3369,66,Male,77.5,76
3370,34,Male,49.8,34
3371,51,Female,79.6,3
3372,23,Male,23.2,39
3373,63,Female,28.4,60
3374,23,Male,40.6,38
3375,51,Female,62.0,42
3376,18,Male,44.0,79
3377,27,Female,76.5,53
3378,38,Female,85.7,29
3379,22,Female,75.0,68
3380,19,Female,100.5,55
3381,39,Male,70.4,1
3382,65,Female,29.6,61
3383,19,Male,94.1,60
3384,27,Male,44.9,51
3385,51,Male,82.8,72
3386,33,Female,99.3,33
3387,65,Male,71.4,58
3388,68,Male,22.6,11
3389,56,Male,37.0,60
3390,39,Female,93.1,99
3391,29,Female,55.8,25
3392,41,Male,62.0,31
3393,64,Female,79.0,32
3394,57,Female,77.4,53
3395,55,Male,67.0,23
3396,27,Male,54.8,61
3397,52,Female,52.2,71
3398,68,Male,81.4,63
3399,66,Female,73.8,6
3400,49,Female,53.6,75
3401,24,Female,87.1,73
3402,38,Female,56.8,71
3403,37,Female,38.7,59
3404,43,Female,41.0,56
3405,21,Male,35.5,76
3406,63,Male,53.2,98
3407,69,Female,90.8,26
3408,39,Female,39.9,77
3409,32,Female,64.7,48
3410,57,Male,43.6,47
3411,38,Female,53.5,12
3412,32,Male,22.2,43
3413,39,Female,54.5,25
3414,69,Female,55.2,38
3415,45,Male,73.5,23
3416,31,Male,65.6,39
3417,44,Female,30.0,40
3418,58,Female,87.1,52
3419,57,Female,65.3,10
3420,45,Male,65.0,14
3421,43,Male,59.8,59
3422,66,Male,47.1,30
3423,19,Male,65.4,77
3424,42,Male,71.9,56
3425,20,Male,16.3,65
3426,25,Female,46.5,85
3427,61,Female,53.6,42
3428,50,Male,66.4,36
3429,59,Female,89.8,72
3430,69,Female,40.7,63
3431,52,Male,47.6,45
3432,23,Female,47.2,85
3433,56,Male,40.0,45
3434,69,Male,51.3,51
3435,40,Female,79.3,51
3436,42,Male,33.7,27
3437,67,Male,70.7,52
3438,60,Male,17.5,85
3439,36,Male,46.0,61
3440,22,Male,51.8,51
3441,68,Male,101.9,46
3442,28,Male,53.1,58
3443,29,Male,15.0,69
3444,27,Female,15.0,65
3445,25,Female,60.9,42
3446,41,Female,75.3,58
3447,45,Male,69.4,62
3448,58,Male,64.2,25
3449,53,Female,89.1,54
3450,54,Female,46.5,1
3451,38,Female,82.4,62
3452,25,Male,19.2,67
3453,26,Female,37.4,69
3454,64,Female,15.0,40
3455,32,Male,53.1,58
3456,65,Female,58.8,86
3457,63,Male,62.9,85
3458,57,Male,61.5,49
3459,35,Male,36.8,53
3460,59,Female,55.2,78
3461,37,Female,22.6,12
3462,23,Male,94.1,42
3463,29,Female,52.4,83
3464,19,Female,47.8,74
3465,24,Female,99.7,59
3466,33,Female,28.9,12
3467,20,Male,31.9,49
3468,62,Female,32.6,35
3469,20,Male,58.3,58
3470,44,Male,70.8,30
3471,67,Female,78.5,24
3472,60,Male,124.3,1
3473,57,Female,15.0,81
3474,55,Female,75.2,40
3475,50,Male,46.1,54
3476,45,Male,45.3,50
3477,18,Male,44.5,23
3478,25,Male,37.3,19
3479,54,Female,102.1,25
3480,49,Female,81.1,32
3481,65,Female,60.6,59
3482,60,Male,93.8,30
3483,54,Male,22.2,94
3484,21,Male,26.7,76
3485,47,Female,15.0,70
3486,23,Male,42.5,47
3487,63,Female,64.0,88
3488,36,Male,62.6,45
3489,49,Female,63.7,49
3490,26,Female,24.7,54
3491,29,Male,80.1,68
3492,28,Male,66.0,66
3493,63,Female,78.3,38
3494,33,Female,15.0,37
3495,18,Male,67.8,66
3496,62,Male,30.3,68
3497,70,Female,50.1,40
3498,38,Male,73.4,10
3499,47,Female,62.3,45
3500,30,Female,38.7,66
3501,51,Male,60.2,95
3502,21,Male,21.7,20
3503,45,Male,88.8,39
3504,55,Male,54.9,40
3505,48,Male,88.0,84
3506,44,Female,46.8,49
3507,22,Female,46.9,27
3508,42,Male,40.9,64
3509,20,Male,81.9,40
3510,50,Male,42.3,19
3511,21,Female,76.1,28
3512,42,Male,50.4,93
3513,37,Male,15.0,60
3514,51,Female,45.7,53
3515,43,Female,30.5,44
3516,22,Male,60.8,57
3517,52,Male,30.2,57
3518,45,Male,83.1,57
3519,46,Female,57.7,53
3520,26,Male,55.6,72
3521,69,Male,76.4,51
3522,55,Male,84.1,26
3523,67,Female,59.5,35
3524,23,Female,40.7,1
3525,36,Male,15.7,100
3526,61,Male,42.8,72
3527,28,Female,44.6,29
3528,19,Female,62.7,43
3529,64,Female,51.4,34
3530,61,Female,77.2,89
3531,61,Female,44.7,15
3532,26,Female,58.6,53
3533,38,Female,89.6,47
3534,41,Female,68.5,71
3535,51,Female,58.5,47
3536,39,Male,45.0,6
3537,20,Male,44.2,44
3538,29,Male,38.7,26
3539,45,Female,46.5,52
3540,47,Male,78.9,86
3541,43,Female,54.5,7
3542,65,Female,26.3,30
3543,38,Male,104.2,36
3544,45,Female,68.0,40
3545,43,Male,24.8,69
3546,50,Male,49.0,46
3547,38,Male,62.8,60
3548,52,Female,102.6,34
3549,69,Male,32.3,56
3550,51,Female,84.4,69
3551,58,Male,95.0,32
3552,68,Male,44.3,70
3553,64,Male,53.1,51
3554,35,Female,34.1,76
3555,28,Female,54.9,45
3556,40,Female,59.1,60
3557,65,Male,76.5,49
3558,39,Male,87.3,48
3559,34,Female,41.3,56
3560,22,Female,15.0,63
3561,61,Female,59.5,19
3562,28,Female,67.3,86
3563,47,Female,66.2,4
3564,32,Female,51.8,33
3565,44,Male,63.1,48
3566,52,Female,97.9,60
3567,50,Male,69.5,89
3568,37,Male,50.7,4
3569,33,Female,47.5,37
3570,51,Female,55.8,1
3571,19,Male,100.9,51
3572,52,Female,55.4,57
3573,57,Female,59.5,90
3574,45,Male,47.9,53
3575,64,Male,87.5,76
3576,56,Male,109.0,65
3577,23,Female,71.3,39
3578,26,Male,62.1,15
3579,37,Female,60.9,57
3580,18,Male,15.0,13
3581,25,Male,78.6,82
3582,40,Male,63.4,46
3583,20,Female,70.7,80
3584,21,Female,42.2,38
3585,42,Male,50.4,57
3586,64,Male,49.7,55
3587,55,Male,85.5,49
3588,32,Female,50.5,39
3589,38,Male,112.1,60
3590,52,Female,70.8,27
3591,70,Male,28.1,20
3592,70,Male,56.8,81
3593,63,Male,43.7,68
3594,69,Male,15.0,52
3595,31,Male,100.0,92
3596,53,Male,77.6,43
3597,29,Female,73.3,83
3598,34,Male,64.1,54
3599,56,Female,25.4,24
3600,26,Male,47.9,96
3601,52,Male,81.0,75
3602,30,Female,33.7,47
3603,32,Male,15.0,68
3604,35,Female,54.3,40
3605,68,Female,56.5,71
3606,50,Male,63.4,1
3607,23,Female,78.2,25
3608,44,Female,75.9,74
3609,40,Male,66.5,44
3610,44,Female,89.9,55
3611,51,Male,22.0,16
3612,63,Male,72.6,96
3613,55,Male,75.7,80
3614,31,Male,29.0,45
3615,53,Female,22.4,40
3616,70,Male,41.4,76
3617,25,Male,43.5,100
3618,52,Female,78.8,74
3619,36,Male,44.6,100
3620,47,Male,38.6,27
3621,31,Female,44.7,30
3622,37,Female,88.0,20
3623,66,Female,60.3,61
3624,42,Female,55.5,54
3625,57,Female,57.2,46
3626,41,Female,92.3,70
3627,31,Female,41.3,81
3628,43,Male,92.9,12
3629,40,Female,56.0,71
3630,39,Female,122.5,38
3631,65,Female,33.6,30
3632,36,Male,51.2,75
3633,63,Male,29.2,18
3634,68,Female,83.8,42
3635,20,Female,102.2,58
3636,59,Female,101.7,36
3637,36,Male,90.6,70
3638,26,Male,55.1,36
3639,45,Female,50.9,85
3640,37,Male,18.2,47
3641,62,Female,110.9,67
3642,24,Male,71.7,69
3643,31,Male,47.7,34
3644,26,Female,93.2,1
3645,36,Female,35.7,59
3646,64,Female,70.2,52
3647,69,Female,55.7,64
3648,31,Male,76.0,44
3649,55,Male,58.4,39
3650,70,Male,23.7,100
3651,53,Female,61.9,13
3652,57,Male,86.2,68
3653,34,Female,59.3,36
3654,47,Male,79.4,42
3655,26,Female,33.9,42
3656,50,Female,59.3,30
3657,69,Male,44.4,64
3658,42,Female,78.7,85
3659,31,Female,60.8,62
3660,28,Male,77.3,53
3661,70,Female,87.2,25
3662,52,Female,77.3,63
3663,58,Female,66.8,100
3664,31,Male,35.0,40
3665,47,Male,59.9,41
3666,58,Female,46.7,36
3667,21,Male,51.4,38
3668,21,Female,50.6,1
3669,45,Female,35.5,60
3670,25,Female,15.0,29
3671,19,Female,43.3,10
3672,58,Female,64.8,69
3673,63,Male,26.3,23
3674,39,Female,60.4,42
3675,58,Male,107.5,87
3676,33,Male,85.6,15
3677,46,Female,101.1,12
3678,66,Female,69.8,57
3679,65,Male,89.2,79
3680,47,Male,41.9,11
3681,29,Male,43.9,60
3682,52,Female,15.0,65
3683,28,Male,89.7,1
3684,63,Female,98.5,70
3685,67,Female,46.2,72
3686,38,Female,53.7,42
3687,38,Male,41.2,81
3688,22,Female,69.6,78
3689,65,Female,88.1,53
3690,37,Female,16.4,39
3691,54,Female,70.2,26
3692,20,Female,53.1,49
3693,61,Male,62.8,64
3694,50,Female,71.5,42
3695,70,Female,55.3,1
3696,26,Male,57.4,82
3697,26,Female,54.7,55
3698,21,Male,84.3,41
3699,52,Female,70.5,71
3700,34,Male,65.5,88
3701,51,Male,28.2,1
3702,41,Female,50.5,61
3703,49,Female,82.5,14
3704,18,Female,60.9,62
3705,25,Male,76.5,53
3706,62,Male,104.2,66
3707,40,Male,86.0,38
3708,64,Female,62.3,3
3709,57,Male,47.2,39
3710,29,Male,15.0,60
3711,29,Female,55.8,75
3712,63,Male,51.8,21
3713,64,Male,69.8,76
3714,32,Female,56.2,34
3715,58,Male,52.0,59
3716,36,Female,15.5,37
3717,43,Female,36.5,55
3718,69,Female,71.9,72
3719,46,Female,102.9,19
3720,39,Female,57.6,33
3721,57,Male,68.2,55
3722,38,Male,83.8,100
3723,68,Female,39.7,28
3724,55,Female,69.2,100
3725,37,Male,41.5,100
3726,46,Female,81.6,48
3727,68,Female,63.8,43
3728,21,Female,67.5,33
3729,24,Male,40.4,48
3730,45,Male,77.7,15
3731,45,Female,112.1,48
3732,21,Female,34.8,87
3733,39,Male,51.5,35
3734,29,Male,65.8,44
3735,62,Female,79.7,7
3736,20,Female,46.0,59
3737,39,Male,15.0,57
3738,61,Male,94.0,52
3739,19,Male,79.0,45
3740,41,Female,16.4,43
3741,51,Male,44.8,63
3742,44,Female,99.2,49
3743,58,Male,96.2,58
3744,18,Male,83.5,55
3745,25,Male,55.6,78
3746,40,Male,62.1,67
3747,55,Female,56.7,55
3748,23,Female,88.2,88
3749,39,Male,38.1,61
3750,42,Female,39.9,83
3751,35,Male,85.3,65
3752,34,Male,58.9,4
3753,29,Male,94.5,83
3754,23,Male,43.2,53
3755,43,Female,58.6,49
3756,44,Male,36.9,57
3757,25,Male,60.2,41
3758,36,Female,23.0,56
3759,59,Male,47.8,35
3760,18,Male,24.1,82
3761,46,Male,77.3,47
3762,62,Female,77.9,40
3763,66,Male,16.7,27
3764,52,Female,93.3,57
3765,57,Male,122.4,55
3766,31,Male,61.2,60
3767,52,Female,44.0,24
3768,65,Male,130.6,10
3769,62,Male,27.0,66
3770,37,Female,60.5,87
3771,66,Female,64.5,24
3772,30,Female,93.6,90
3773,55,Female,69.0,57
3774,66,Female,47.5,50
3775,63,Male,36.2,40
3776,66,Female,51.5,15
3777,25,Male,34.8,75
3778,60,Male,61.2,31
3779,37,Male,45.9,31
3780,50,Female,22.6,75
3781,43,Female,91.4,3
3782,56,Male,47.6,12
3783,38,Female,28.3,50
3784,70,Female,55.8,57
3785,66,Female,61.7,62
3786,59,Female,16.3,42
3787,60,Male,68.3,100
3788,58,Male,33.8,44
3789,26,Female,102.8,44
3790,41,Male,73.1,30
3791,54,Female,50.0,53
3792,66,Female,41.4,65
3793,58,Male,57.4,80
3794,34,Male,75.3,13
3795,41,Male,59.4,44
3796,38,Female,54.6,61
3797,68,Male,61.5,65
3798,56,Female,44.9,50
3799,58,Male,51.4,64
3800,56,Male,15.0,30
3801,30,Female,84.3,89
3802,28,Female,67.5,75
3803,63,Female,40.7,16
3804,36,Female,107.5,23
3805,28,Female,62.2,24
3806,30,Female,34.1,67
3807,63,Female,81.4,18
3808,62,Female,70.0,42
3809,18,Male,69.9,61
3810,57,Female,49.4,48
3811,61,Female,71.3,56
3812,36,Male,53.5,23
3813,29,Female,73.9,65
3814,25,Male,15.0,35
3815,25,Male,49.2,42
3816,70,Female,103.1,56
3817,62,Male,40.8,53
3818,29,Female,44.9,51
3819,65,Male,48.8,31
3820,50,Male,29.6,43
3821,62,Male,15.0,50
3822,43,Female,54.2,16
3823,56,Female,63.4,38
3824,45,Male,58.7,60
3825,22,Male,56.4,18
3826,25,Female,61.1,79
3827,42,Female,85.6,82
3828,44,Male,55.2,19
3829,63,Male,45.6,84
3830,40,Female,53.0,46
3831,47,Female,74.5,60
3832,62,Female,95.3,38
3833,64,Female,44.3,73
3834,40,Female,62.5,60
3835,66,Male,68.5,30
3836,64,Female,35.2,21
3837,37,Male,60.5,13
3838,35,Female,23.4,55
3839,35,Male,15.8,64
3840,19,Female,69.2,66
3841,21,Female,50.4,47
3842,47,Male,65.1,21
3843,50,Male,59.6,33
3844,53,Female,35.6,79
3845,35,Female,58.9,38
3846,54,Female,29.2,54
3847,36,Female,94.8,23
3848,64,Female,26.1,58
3849,45,Male,55.1,39
3850,57,Male,33.9,76
3851,37,Female,74.3,69
3852,66,Male,51.7,38
3853,50,Male,47.0,47
3854,29,Male,81.3,36
3855,68,Female,60.7,15
3856,32,Male,72.9,29
3857,58,Female,35.5,55
3858,56,Male,24.9,58
3859,19,Female,62.7,54
3860,46,Male,52.0,42
3861,58,Female,75.7,73
3862,27,Female,58.0,52
3863,19,Male,65.1,68
3864,68,Female,19.4,6
3865,28,Female,107.2,1
3866,30,Female,55.9,57
3867,27,Female,77.4,14
3868,31,Female,39.1,45
3869,35,Female,67.7,42
3870,68,Female,27.4,90
3871,26,Female,71.3,60
3872,56,Male,51.1,54
3873,45,Male,60.7,71
3874,20,Female,77.4,59
3875,37,Female,29.2,39
3876,23,Male,42.9,77
3877,44,Male,71.4,22
3878,70,Male,112.5,58
3879,19,Female,56.5,11
3880,46,Male,74.8,55
3881,55,Female,57.3,55
3882,20,Female,108.6,92
3883,33,Male,16.3,11
3884,47,Female,62.4,35
3885,57,Female,19.4,71
3886,19,Female,15.0,58
3887,34,Female,67.4,55
3888,58,Male,63.5,26
3889,29,Male,52.9,35
3890,52,Female,57.3,81
3891,60,Female,137.5,49
3892,18,Male,53.5,59
3893,62,Female,72.8,47
3894,32,Male,43.8,20
3895,43,Female,67.4,73
3896,54,Female,54.0,63
3897,38,Male,49.7,100
3898,66,Male,105.5,25
3899,48,Male,89.4,71
3900,42,Male,63.4,17
3901,40,Female,15.0,54
3902,41,Male,51.0,74
3903,55,Female,127.6,1
3904,45,Male,54.2,45
3905,38,Male,87.6,36
3906,60,Female,96.0,32
3907,35,Male,65.5,60
3908,53,Male,39.0,78
3909,52,Male,15.0,47
3910,62,Male,77.1,55
3911,26,Female,39.6,53
3912,70,Female,64.4,50
3913,55,Male,28.8,23
3914,47,Male,53.4,78
3915,61,Male,60.8,57
3916,51,Female,66.7,60
3917,49,Female,32.1,30
3918,20,Female,89.9,39
3919,20,Female,45.1,46
3920,45,Male,18.1,12
3921,61,Male,57.3,8
3922,32,Male,60.9,35
3923,58,Female,64.0,63
3924,40,Male,94.1,34
3925,57,Female,54.1,25
3926,28,Female,57.0,30
3927,65,Male,32.4,39
3928,49,Male,80.5,41
3929,53,Male,64.6,100
3930,50,Female,49.5,76
3931,41,Female,15.0,76
3932,56,Male,96.1,79
3933,51,Male,29.3,25
3934,45,Female,45.2,19
3935,54,Male,69.0,22
3936,24,Female,30.1,83
3937,21,Female,22.7,36
3938,54,Male,15.0,19
3939,18,Male,78.0,39
3940,18,Male,46.4,44
3941,64,Male,133.2,57
3942,37,Female,35.1,56
3943,36,Female,37.0,29
3944,46,Female,45.9,67
3945,27,Male,66.1,34
3946,35,Female,48.2,46
3947,45,Male,75.3,67
3948,52,Male,35.5,34
3949,60,Male,25.5,36
3950,64,Male,15.0,65
3951,48,Male,15.0,29
3952,44,Male,47.0,40
3953,28,Female,52.5,64
3954,66,Male,44.2,100
3955,66,Female,91.1,65
3956,55,Female,90.7,62
3957,22,Male,51.6,63
3958,25,Male,15.2,23
3959,51,Male,45.8,53
3960,65,Female,45.0,49
3961,69,Male,43.6,58
3962,29,Female,42.6,53
3963,55,Male,43.7,59
3964,18,Male,50.3,42
3965,48,Female,44.1,51
3966,21,Female,65.2,19
3967,66,Male,69.0,42
3968,62,Female,37.2,85
3969,67,Female,91.8,58
3970,22,Female,35.5,49
3971,47,Female,19.6,97
3972,41,Female,69.5,16
3973,20,Male,39.6,22
3974,28,Male,68.0,93
3975,62,Female,15.0,51
3976,21,Male,94.8,44
3977,43,Male,76.8,20
3978,44,Female,22.5,61
3979,63,Male,23.0,64
3980,60,Female,101.8,23
3981,44,Female,41.6,46
3982,59,Male,39.1,42
3983,68,Female,15.0,56
3984,67,Female,51.2,22
3985,23,Female,54.3,81
3986,32,Female,77.9,73
3987,70,Female,25.0,41
3988,47,Male,22.0,45
3989,59,Male,71.3,47
3990,54,Female,85.2,31
3991,54,Female,20.7,39
3992,59,Male,87.0,43
3993,54,Female,60.9,90
3994,52,Male,87.3,74
3995,40,Female,58.2,73
3996,23,Female,15.0,59
3997,25,Female,86.5,83
3998,26,Female,95.4,37
3999,38,Female,65.5,45
4000,68,Female,84.2,52
