CustomerID,Age,Gender,Annual Income (k$),Spending Score (1-100),Cluster
1,56,Male,89.3,46,3
2,69,Female,69.2,77,0
3,46,Male,57.3,28,1
4,32,Male,71.2,40,4
5,60,Male,20.7,46,1
6,25,Female,31.8,1,1
7,38,Male,30.2,92,2
8,56,Male,63.6,27,4
9,36,Male,103.3,63,0
10,40,Female,115.8,48,3
11,28,Male,76.0,81,0
12,28,Male,72.5,60,4
13,41,Male,15.0,44,1
14,70,Male,46.4,28,1
15,53,Female,40.3,70,2
16,57,Male,44.5,3,1
17,41,Female,55.8,66,4
18,20,Female,48.2,23,1
19,39,Female,15.0,81,2
20,70,Male,78.7,54,4
21,19,Female,33.2,66,2
22,41,Male,66.0,52,4
23,61,Female,111.9,6,3
24,47,Female,37.0,28,1
25,55,Female,15.0,67,2
26,19,Female,52.8,54,4
27,38,Female,87.5,80,0
28,50,Female,109.0,60,0
29,29,Female,29.3,26,1
30,39,Female,72.4,30,3
31,61,Male,48.4,53,4
32,42,Male,57.4,1,1
33,66,Female,126.1,92,0
34,44,Female,22.4,61,2
35,59,Female,66.3,81,0
36,45,Male,71.7,10,3
37,33,Female,87.1,81,0
38,32,Male,62.4,100,0
39,64,Male,67.7,17,3
40,68,Male,50.2,69,2
41,61,Male,66.7,50,4
42,69,Male,51.4,11,1
43,20,Female,75.5,62,0
44,54,Female,50.8,71,2
45,68,Female,69.4,35,4
46,24,Female,59.3,79,0
47,38,Female,88.2,8,3
48,26,Male,58.7,13,1
49,56,Female,15.7,53,2
50,35,Female,91.5,51,3
51,21,Male,37.4,32,1
52,42,Female,43.7,70,2
53,31,Male,45.1,63,2
54,67,Female,94.4,71,0
55,26,Male,15.0,47,2
56,43,Female,138.4,65,0
57,70,Female,86.4,39,3
58,19,Male,65.6,100,0
59,37,Male,58.6,30,4
60,45,Male,67.1,100,0
61,64,Male,73.0,51,4
62,24,Male,76.1,16,3
63,61,Male,73.9,84,0
64,25,Male,62.2,53,4
65,64,Male,55.1,71,2
66,52,Female,56.2,81,2
67,31,Female,55.1,58,4
68,34,Male,88.3,35,3
69,53,Female,74.8,74,0
70,67,Female,15.0,50,2
71,57,Female,76.4,67,0
72,21,Female,64.9,1,3
73,19,Male,59.5,61,4
74,23,Female,50.3,34,1
75,59,Male,88.1,91,0
76,21,Female,83.7,66,0
77,46,Female,40.7,56,2
78,35,Female,70.2,62,4
79,43,Male,35.7,25,1
80,61,Female,25.5,91,2
81,51,Male,44.3,100,2
82,27,Female,81.6,60,0
83,53,Male,83.8,90,0
84,31,Female,72.8,36,4
85,48,Male,78.1,30,3
86,65,Male,72.9,51,4
87,32,Female,44.0,61,2
88,25,Male,70.8,40,4
89,31,Female,80.0,63,0
90,40,Female,78.9,58,0
91,57,Female,89.7,25,3
92,38,Female,77.7,63,0
93,33,Female,68.8,72,0
94,62,Female,86.8,54,0
95,35,Female,59.3,79,0
96,64,Female,38.0,20,1
97,70,Female,55.9,62,4
98,41,Female,41.4,21,1
99,43,Female,43.1,22,1
100,42,Male,56.4,34,4
101,62,Male,40.2,26,1
102,58,Female,52.3,36,4
103,46,Female,15.0,45,1
104,32,Female,65.3,71,0
105,62,Female,60.0,42,4
106,18,Female,39.6,10,1
107,42,Female,76.5,79,0
108,24,Female,83.4,29,3
109,26,Female,19.8,49,2
110,41,Male,40.9,61,2
111,18,Female,40.8,55,2
112,61,Male,36.5,77,2
113,25,Female,80.7,62,0
114,41,Female,55.2,28,1
115,28,Male,53.4,100,2
116,68,Female,15.0,55,2
117,34,Male,75.9,46,4
118,25,Female,29.0,74,2
119,52,Female,61.5,56,4
120,52,Male,66.9,60,4
121,50,Female,94.0,100,0
122,22,Male,27.3,43,1
123,59,Female,15.0,42,1
124,56,Male,64.6,53,4
125,58,Male,105.0,77,0
126,45,Female,91.0,12,3
127,24,Female,65.2,1,3
128,26,Male,47.7,35,1
129,25,Female,80.2,9,3
130,29,Female,35.7,39,1
131,51,Female,71.9,63,0
132,50,Male,72.6,28,3
133,65,Male,86.5,14,3
134,40,Male,129.0,52,3
135,41,Male,69.8,72,0
136,54,Male,47.3,8,1
137,52,Male,59.4,71,0
138,61,Male,15.8,70,2
139,57,Male,42.6,74,2
140,39,Male,49.8,80,2
141,44,Female,46.9,100,2
142,52,Male,63.8,41,4
143,18,Female,39.4,53,2
144,52,Female,88.0,40,3
145,54,Female,60.0,50,4
146,64,Male,59.8,88,0
147,31,Male,51.8,16,1
148,20,Male,63.9,28,4
149,18,Male,80.6,84,0
150,22,Female,38.3,76,2
151,43,Male,43.5,41,1
152,31,Male,52.4,71,2
153,56,Male,26.4,59,2
154,44,Male,39.5,88,2
155,26,Male,48.1,52,4
156,32,Female,81.9,76,0
157,32,Male,66.6,100,0
158,43,Female,64.8,65,4
159,59,Male,81.3,51,4
160,30,Female,56.6,68,2
161,68,Male,69.8,41,4
162,49,Male,57.4,100,0
163,56,Female,66.6,55,4
164,66,Female,45.4,43,4
165,69,Female,15.0,29,1
166,49,Male,56.6,77,2
167,21,Female,95.6,72,0
168,47,Male,83.2,38,3
169,54,Male,84.1,64,0
170,40,Female,90.9,12,3
171,56,Female,62.2,55,4
172,62,Male,64.9,61,4
173,32,Male,44.6,93,2
174,60,Female,52.1,31,1
175,46,Female,75.4,18,3
176,53,Female,90.1,28,3
177,30,Male,56.5,17,1
178,49,Male,48.7,83,2
179,24,Male,60.0,89,0
180,68,Male,75.0,58,4
181,39,Male,23.9,81,2
182,45,Male,15.0,53,2
183,19,Female,46.2,48,4
184,59,Male,29.5,42,1
185,62,Male,47.3,42,4
186,70,Male,56.3,11,1
187,23,Female,48.7,57,4
188,45,Male,96.3,49,3
189,45,Male,68.2,69,0
190,61,Female,67.5,52,4
191,61,Male,75.6,46,4
192,37,Male,31.5,28,1
193,47,Male,86.0,52,0
194,28,Male,58.1,68,4
195,45,Male,76.8,21,3
196,42,Female,33.2,52,2
197,56,Female,21.2,56,2
198,50,Female,80.4,32,3
199,18,Male,69.4,35,4
200,44,Male,37.4,56,2
201,69,Male,38.3,22,1
202,30,Female,88.1,59,0
203,58,Male,30.3,28,1
204,20,Male,101.1,77,0
205,56,Female,37.5,100,2
206,23,Male,76.0,28,3
207,25,Female,51.8,63,2
208,44,Female,75.1,32,3
209,26,Female,46.4,76,2
210,54,Male,55.9,18,1
211,50,Male,61.0,62,4
212,68,Male,34.9,28,1
213,59,Male,78.5,45,4
214,61,Male,47.2,24,1
215,41,Male,54.3,71,2
216,32,Male,35.1,29,1
217,49,Female,15.0,64,2
218,49,Male,55.2,41,4
219,41,Female,120.3,47,3
220,58,Male,79.6,54,4
221,69,Male,59.5,31,4
222,66,Male,53.4,55,4
223,66,Female,60.6,88,0
224,69,Female,73.7,31,3
225,29,Female,30.5,79,2
226,56,Female,87.9,87,0
227,19,Male,77.9,30,3
228,20,Female,78.0,14,3
229,66,Male,71.0,58,4
230,54,Male,60.5,36,4
231,66,Female,76.8,97,0
232,34,Female,74.8,51,4
233,66,Female,51.1,30,1
234,19,Female,45.7,21,1
235,19,Female,62.5,77,0
236,45,Female,98.7,36,3
237,40,Female,29.0,51,2
238,54,Female,23.3,74,2
239,49,Male,64.1,38,4
240,50,Female,61.3,49,4
241,18,Female,64.3,50,4
242,36,Male,66.1,67,0
243,19,Female,54.4,65,4
244,70,Male,97.2,44,3
245,61,Male,20.0,52,2
246,43,Female,39.3,41,1
247,49,Male,57.4,13,1
248,23,Male,18.9,56,2
249,49,Male,55.6,97,2
250,21,Male,101.5,28,3
251,28,Female,60.5,31,4
252,34,Male,65.8,28,4
253,55,Female,28.5,68,2
254,41,Male,44.6,61,2
255,22,Male,50.6,46,4
256,69,Male,52.1,27,1
257,51,Male,92.0,52,0
258,23,Female,73.9,11,3
259,39,Female,32.2,54,2
260,28,Male,66.2,72,0
261,65,Male,72.5,19,3
262,33,Female,88.5,12,3
263,50,Male,99.5,89,0
264,26,Male,34.6,35,1
265,23,Male,39.7,78,2
266,33,Female,28.6,46,1
267,46,Female,54.1,46,4
268,20,Female,71.7,61,4
269,37,Male,84.7,28,3
270,53,Male,58.1,53,4
271,36,Female,52.0,40,4
272,43,Female,63.8,17,3
273,20,Female,39.1,58,2
274,36,Female,112.2,43,3
275,37,Male,19.8,46,1
276,49,Female,64.6,20,3
277,24,Male,110.6,90,0
278,69,Female,60.2,72,0
279,58,Male,55.2,74,2
280,50,Female,51.1,42,4
281,57,Female,55.5,7,1
282,56,Female,94.3,99,0
283,35,Female,15.0,48,2
284,57,Male,98.3,31,3
285,18,Female,24.4,60,2
286,28,Male,53.3,79,2
287,45,Male,49.3,49,4
288,42,Male,74.7,82,0
289,67,Male,20.0,77,2
290,40,Female,71.6,23,3
291,48,Male,110.6,33,3
292,47,Male,25.9,74,2
293,59,Male,64.7,1,3
294,52,Female,43.5,46,4
295,24,Female,70.6,14,3
296,33,Female,60.5,38,4
297,43,Female,44.0,43,4
298,65,Male,72.2,41,4
299,69,Male,105.1,36,3
300,66,Female,55.2,23,1
301,19,Male,78.0,100,0
302,18,Male,27.7,97,2
303,65,Male,36.1,21,1
304,29,Female,71.8,90,0
305,22,Female,97.1,40,3
306,54,Male,68.9,53,4
307,49,Female,52.2,48,4
308,26,Female,60.0,34,4
309,58,Female,28.7,75,2
310,52,Female,75.1,53,4
311,36,Female,82.1,38,3
312,65,Male,48.7,17,1
313,33,Female,48.2,28,1
314,20,Male,66.6,9,3
315,37,Male,49.1,50,4
316,41,Female,58.3,20,1
317,50,Male,112.5,43,3
318,41,Male,53.8,84,2
319,69,Male,51.0,80,2
320,28,Female,43.8,49,4
321,66,Female,78.6,48,4
322,25,Male,55.5,97,2
323,53,Female,43.8,63,2
324,55,Female,93.0,42,3
325,57,Female,95.5,14,3
326,37,Female,45.0,60,2
327,52,Male,15.0,71,2
328,65,Male,85.2,34,3
329,42,Female,42.9,57,2
330,52,Female,79.8,41,3
331,42,Male,15.0,45,1
332,46,Male,82.3,1,3
333,35,Female,29.7,44,1
334,63,Male,78.3,74,0
335,35,Female,60.4,34,4
336,19,Female,36.2,51,2
337,52,Male,49.8,31,1
338,33,Male,77.2,59,0
339,58,Female,62.6,45,4
340,53,Female,74.6,27,3
341,50,Male,109.4,83,0
342,21,Female,20.9,73,2
343,50,Male,100.4,35,3
344,31,Female,62.6,62,4
345,38,Male,37.5,63,2
346,65,Male,26.7,66,2
347,37,Male,55.3,8,1
348,25,Female,83.0,75,0
349,24,Female,56.8,36,4
350,20,Male,97.8,41,3
351,34,Female,23.7,100,2
352,50,Male,59.7,58,4
353,65,Male,28.7,40,1
354,29,Female,69.1,1,3
355,68,Female,82.2,85,0
356,39,Male,49.5,16,1
357,39,Female,15.0,25,1
358,63,Female,65.0,42,4
359,47,Male,70.9,85,0
360,55,Male,70.1,69,0
361,55,Female,90.9,46,3
362,62,Male,33.2,58,2
363,68,Male,77.0,35,3
364,25,Female,89.8,53,0
365,44,Male,15.5,52,2
366,44,Male,68.0,74,0
367,51,Female,47.4,74,2
368,38,Female,58.0,62,4
369,47,Male,68.7,41,4
370,50,Male,47.8,69,2
371,45,Female,43.1,48,4
372,64,Female,60.9,23,1
373,50,Female,32.8,40,1
374,22,Female,32.9,52,2
375,65,Male,77.0,73,0
376,36,Female,31.3,45,1
377,21,Female,76.7,20,3
378,52,Male,71.6,51,4
379,66,Female,16.9,53,2
380,34,Male,43.1,55,2
381,61,Female,89.9,73,0
382,45,Female,35.5,75,2
383,47,Female,48.4,35,1
384,46,Male,71.6,35,4
385,63,Male,79.6,24,3
386,70,Female,53.7,67,2
387,23,Male,45.1,86,2
388,52,Male,95.6,42,3
389,58,Male,103.5,44,3
390,54,Male,84.5,87,0
391,41,Male,62.1,63,4
392,46,Male,39.8,61,2
393,66,Female,39.2,20,1
394,63,Female,73.1,67,0
395,70,Male,70.5,27,3
396,48,Female,95.0,22,3
397,52,Female,76.3,41,4
398,50,Female,22.4,35,1
399,69,Female,86.3,44,3
400,38,Male,35.0,14,1
401,49,Female,50.4,74,2
402,40,Female,66.3,78,0
403,50,Male,109.9,1,3
404,20,Male,137.7,74,0
405,35,Female,75.2,30,3
406,42,Female,55.4,71,2
407,59,Female,73.4,48,4
408,48,Female,82.2,51,4
409,20,Female,52.0,45,4
410,57,Female,104.9,80,0
411,63,Male,65.8,19,3
412,41,Female,72.4,65,0
413,67,Female,76.6,78,0
414,49,Male,70.5,68,0
415,64,Male,81.0,100,0
416,39,Male,44.6,37,1
417,40,Male,46.0,74,2
418,19,Female,32.5,47,1
419,44,Female,71.0,81,0
420,59,Female,79.5,50,4
421,19,Female,71.4,40,4
422,43,Female,101.9,83,0
423,34,Female,59.9,38,4
424,57,Male,76.7,15,3
425,50,Female,32.7,37,1
426,26,Male,50.3,65,2
427,60,Male,77.4,85,0
428,65,Female,81.2,53,4
429,56,Male,52.7,83,2
430,46,Female,58.2,16,1
431,59,Male,22.1,39,1
432,43,Female,51.1,43,4
433,52,Male,82.3,47,4
434,67,Female,74.4,52,4
435,42,Female,72.5,67,0
436,41,Female,61.2,39,4
437,30,Female,60.2,53,4
438,24,Female,43.5,49,4
439,53,Male,77.5,27,3
440,62,Male,70.5,47,4
441,37,Male,72.3,46,4
442,18,Female,46.8,46,4
443,25,Male,15.0,51,2
444,63,Female,87.4,52,0
445,33,Female,48.0,39,4
446,31,Male,38.4,82,2
447,29,Male,77.3,21,3
448,68,Female,50.2,32,1
449,40,Male,86.5,100,0
450,32,Female,75.4,24,3
451,45,Female,77.1,16,3
452,51,Female,25.9,68,2
453,19,Female,90.3,1,3
454,49,Female,66.5,44,4
455,40,Male,50.8,100,2
456,39,Male,63.6,11,3
457,68,Female,15.6,1,1
458,42,Female,70.2,13,3
459,39,Male,34.3,72,2
460,39,Male,26.2,78,2
461,66,Female,21.9,37,1
462,69,Male,87.8,67,0
463,59,Female,44.3,85,2
464,23,Male,98.3,95,0
465,32,Female,46.6,44,4
466,60,Male,17.3,1,1
467,54,Female,32.1,29,1
468,50,Male,90.9,39,3
469,25,Male,56.1,44,4
470,70,Female,46.3,45,4
471,61,Male,64.0,78,0
472,61,Female,72.5,82,0
473,22,Male,87.9,46,3
474,56,Female,96.2,77,0
475,21,Male,51.0,59,4
476,23,Female,26.8,52,2
477,62,Male,49.7,73,2
478,49,Female,66.5,52,4
479,69,Male,35.9,100,2
480,47,Female,36.1,14,1
481,64,Female,68.6,37,4
482,52,Female,58.8,47,4
483,57,Male,60.8,61,4
484,69,Female,41.0,82,2
485,33,Male,54.2,49,4
486,30,Female,36.9,14,1
487,67,Male,82.3,71,0
488,59,Female,85.9,69,0
489,47,Male,15.0,1,1
490,36,Male,36.8,50,2
491,34,Female,22.6,10,1
492,36,Male,43.7,33,1
493,45,Male,57.9,27,1
494,43,Female,23.8,70,2
495,54,Male,37.0,53,2
496,43,Male,34.9,18,1
497,70,Male,65.2,72,0
498,40,Female,61.7,14,1
499,26,Male,42.0,58,2
500,29,Female,64.4,30,4
501,70,Male,46.3,41,4
502,18,Male,53.2,63,4
503,18,Male,101.8,63,0
504,64,Female,93.5,83,0
505,51,Male,27.5,48,2
506,49,Male,80.7,58,0
507,65,Female,80.3,39,3
508,42,Male,31.3,55,2
509,57,Female,80.5,61,0
510,62,Female,98.4,48,3
511,70,Male,31.9,5,1
512,18,Female,37.1,58,2
513,33,Male,85.4,59,0
514,56,Female,66.8,33,4
515,22,Female,73.8,18,3
516,39,Male,68.5,87,0
517,46,Female,69.8,62,4
518,20,Female,26.8,44,1
519,29,Female,86.2,22,3
520,43,Female,89.2,29,3
521,33,Female,54.3,83,2
522,68,Male,58.9,53,4
523,54,Female,21.7,36,1
524,39,Male,72.9,63,0
525,46,Female,74.3,30,3
526,31,Male,58.4,88,0
527,45,Male,88.1,84,0
528,22,Female,51.6,38,4
529,64,Female,74.1,34,3
530,66,Female,34.5,1,1
531,47,Male,59.4,13,1
532,63,Female,55.6,17,1
533,69,Male,65.6,53,4
534,22,Male,50.8,42,4
535,29,Male,56.7,16,1
536,33,Female,80.7,43,3
537,43,Female,49.1,63,2
538,43,Male,19.8,63,2
539,65,Male,103.7,3,3
540,38,Female,94.5,47,3
541,56,Male,27.7,15,1
542,53,Female,77.2,73,0
543,50,Male,47.4,70,2
544,47,Female,66.6,28,4
545,54,Male,67.4,31,4
546,40,Female,54.1,38,4
547,27,Male,40.4,1,1
548,22,Female,42.7,58,2
549,53,Female,37.1,43,1
550,51,Male,39.2,74,2
551,69,Male,58.3,23,1
552,48,Female,42.1,35,1
553,27,Male,77.1,12,3
554,36,Female,97.2,25,3
555,49,Male,45.5,20,1
556,18,Female,66.0,75,0
557,22,Female,72.5,33,3
558,62,Female,71.8,53,4
559,21,Female,61.9,40,4
560,33,Female,78.6,18,3
561,41,Female,72.1,46,4
562,33,Male,29.1,65,2
563,19,Male,81.7,20,3
564,66,Male,82.2,70,0
565,45,Female,40.9,29,1
566,49,Female,60.9,38,4
567,44,Female,77.1,63,0
568,37,Female,54.8,33,4
569,41,Male,86.8,51,3
570,29,Male,119.1,42,3
571,67,Female,40.4,53,2
572,52,Male,25.5,1,1
573,50,Male,67.6,4,3
574,50,Female,78.0,65,0
575,68,Male,54.2,76,2
576,60,Female,96.3,27,3
577,54,Male,26.5,44,1
578,29,Female,77.3,57,4
579,20,Female,44.9,67,2
580,18,Female,103.0,1,3
581,50,Female,109.8,28,3
582,57,Male,40.8,42,1
583,27,Female,46.3,68,2
584,60,Female,81.5,100,0
585,61,Female,50.3,44,4
586,46,Male,58.9,15,1
587,30,Female,60.6,60,4
588,29,Male,15.0,83,2
589,48,Female,59.7,53,4
590,63,Male,42.8,27,1
591,19,Male,47.7,74,2
592,68,Female,96.1,67,0
593,67,Male,28.6,24,1
594,52,Female,80.3,60,0
595,40,Female,53.0,75,2
596,34,Female,53.0,80,2
597,43,Male,79.8,48,4
598,25,Male,68.5,41,4
599,46,Female,74.3,81,0
600,43,Female,84.2,20,3
601,27,Male,51.7,61,4
602,43,Female,44.7,16,1
603,51,Female,32.9,77,2
604,68,Female,39.4,44,1
605,58,Male,133.7,82,0
606,24,Male,91.1,62,0
607,21,Male,26.2,19,1
608,70,Female,26.9,86,2
609,67,Female,72.0,89,0
610,62,Female,73.7,72,0
611,28,Male,73.7,31,3
612,46,Female,53.6,42,4
613,53,Female,56.9,54,4
614,42,Female,68.2,32,4
615,38,Female,62.1,92,0
616,53,Male,15.0,54,2
617,27,Male,54.3,1,1
618,54,Female,38.7,58,2
619,26,Male,64.4,41,4
620,41,Male,134.6,48,3
621,52,Female,69.2,41,4
622,66,Female,52.2,70,2
623,52,Male,83.0,78,0
624,65,Female,72.1,57,4
625,53,Male,70.5,42,4
626,35,Female,75.2,49,4
627,66,Male,111.4,50,3
628,56,Female,31.7,30,1
629,49,Male,71.8,64,0
630,41,Male,36.8,62,2
631,40,Male,73.9,89,0
632,49,Female,37.0,81,2
633,54,Male,49.6,33,1
634,29,Male,52.6,71,2
635,66,Female,84.4,26,3
636,30,Female,83.0,67,0
637,40,Male,28.9,37,1
638,42,Male,61.4,24,1
639,52,Female,42.3,57,2
640,58,Female,28.5,1,1
641,47,Female,54.6,6,1
642,34,Female,52.3,46,4
643,66,Female,120.7,52,3
644,37,Male,70.8,41,4
645,65,Female,25.6,11,1
646,42,Male,45.9,30,1
647,39,Male,85.5,60,0
648,30,Male,112.2,65,0
649,36,Female,20.4,50,2
650,66,Male,15.0,79,2
651,53,Male,106.8,60,0
652,29,Female,69.7,31,3
653,58,Male,38.3,43,1
654,36,Male,73.4,15,3
655,29,Female,15.0,47,2
656,26,Male,60.1,78,0
657,24,Male,68.2,67,0
658,45,Male,83.1,85,0
659,31,Female,34.7,42,1
660,48,Female,62.1,84,0
661,69,Female,36.9,45,1
662,36,Male,66.4,87,0
663,64,Male,37.6,49,2
664,33,Female,49.8,68,2
665,70,Male,35.1,87,2
666,22,Male,76.3,45,4
667,52,Female,81.5,55,0
668,29,Female,54.1,82,2
669,42,Male,61.0,47,4
670,69,Male,23.8,17,1
671,38,Male,52.5,100,2
672,53,Female,58.7,38,4
673,70,Female,125.5,54,3
674,40,Female,32.2,79,2
675,33,Female,96.6,35,3
676,56,Male,84.9,25,3
677,62,Female,67.0,56,4
678,70,Female,104.0,5,3
679,59,Female,69.3,43,4
680,56,Female,69.7,56,4
681,31,Female,58.7,43,4
682,48,Male,90.6,11,3
683,22,Male,87.4,90,0
684,52,Female,44.4,53,4
685,40,Male,27.0,86,2
686,46,Female,54.9,43,4
687,60,Female,40.0,28,1
688,28,Male,58.4,57,4
689,35,Male,90.9,45,3
690,64,Female,48.6,21,1
691,29,Female,58.9,87,0
692,26,Female,61.5,34,4
693,27,Male,81.2,4,3
694,61,Female,15.0,83,2
695,34,Female,44.8,37,1
696,55,Female,65.3,35,4
697,24,Male,90.0,6,3
698,63,Female,47.7,94,2
699,30,Female,15.0,18,1
700,57,Male,75.5,51,4
701,59,Female,44.1,73,2
702,26,Female,30.3,61,2
703,67,Male,44.4,49,4
704,44,Female,55.4,7,1
705,19,Male,44.9,30,1
706,22,Male,15.0,55,2
707,46,Female,82.4,30,3
708,54,Female,91.9,55,0
709,55,Female,76.3,67,0
710,36,Female,31.6,74,2
711,25,Male,55.0,19,1
712,65,Female,59.8,100,0
713,62,Male,75.0,69,0
714,18,Female,76.7,50,4
715,39,Female,41.6,77,2
716,69,Female,62.0,100,0
717,34,Male,71.4,14,3
718,24,Female,96.4,44,3
719,42,Female,77.6,1,3
720,62,Female,79.7,55,4
721,21,Female,62.1,59,4
722,53,Male,95.3,49,3
723,23,Female,70.2,34,4
724,48,Male,38.5,1,1
725,36,Male,95.1,59,0
726,61,Male,77.4,86,0
727,56,Male,48.9,35,1
728,44,Male,48.0,61,2
729,27,Male,67.4,11,3
730,43,Female,71.6,61,4
731,36,Male,64.9,40,4
732,56,Male,67.8,31,4
733,20,Male,102.5,31,3
734,62,Female,86.8,40,3
735,30,Female,64.8,60,4
736,67,Male,83.5,17,3
737,45,Female,34.2,40,1
738,37,Male,69.9,49,4
739,45,Male,105.2,23,3
740,25,Female,54.5,95,2
741,58,Male,38.8,29,1
742,56,Female,43.7,33,1
743,18,Female,32.8,26,1
744,20,Male,40.4,95,2
745,30,Male,50.7,64,2
746,45,Female,24.9,27,1
747,66,Male,60.4,78,0
748,42,Male,82.6,55,0
749,50,Male,37.3,56,2
750,55,Female,98.0,41,3
751,70,Female,72.8,31,3
752,23,Male,85.8,58,0
753,61,Female,43.6,36,1
754,62,Female,81.4,95,0
755,49,Female,32.7,18,1
756,62,Female,82.3,88,0
757,64,Female,64.3,47,4
758,38,Male,73.8,57,4
759,33,Male,30.6,71,2
760,38,Male,37.6,34,1
761,28,Female,74.9,72,0
762,54,Female,36.3,1,1
763,53,Male,71.6,32,3
764,52,Female,25.8,27,1
765,36,Male,81.2,19,3
766,37,Male,29.2,45,1
767,35,Male,73.8,60,0
768,64,Female,75.6,68,0
769,58,Female,42.6,56,2
770,66,Male,74.6,33,3
771,31,Male,66.5,59,4
772,32,Male,46.5,53,4
773,48,Male,34.8,73,2
774,18,Female,15.0,69,2
775,70,Female,68.7,51,4
776,20,Male,20.9,28,1
777,33,Male,62.4,34,4
778,40,Female,53.4,36,4
779,28,Female,77.0,42,4
780,29,Male,52.4,57,4
781,27,Male,51.8,68,2
782,49,Male,78.3,49,4
783,33,Female,68.4,50,4
784,25,Female,67.9,54,4
785,55,Female,71.7,37,4
786,29,Male,21.6,27,1
787,41,Male,78.9,6,3
788,45,Female,75.3,33,3
789,70,Female,34.6,62,2
790,25,Male,53.9,32,1
791,45,Female,59.0,44,4
792,53,Female,56.6,62,4
793,43,Male,68.3,63,4
794,25,Female,95.8,23,3
795,67,Male,87.0,75,0
796,45,Male,27.2,78,2
797,45,Male,75.6,22,3
798,54,Male,93.2,29,3
799,58,Male,69.7,80,0
800,53,Male,87.3,46,3
801,44,Male,110.3,1,3
802,34,Female,85.6,15,3
803,26,Male,66.2,44,4
804,50,Male,86.1,21,3
805,70,Female,63.6,40,4
806,37,Female,60.6,51,4
807,30,Female,51.2,87,2
808,45,Male,99.1,43,3
809,65,Female,39.5,77,2
810,46,Male,98.3,86,0
811,30,Male,72.5,86,0
812,63,Male,25.0,57,2
813,52,Male,69.2,1,3
814,23,Female,15.0,62,2
815,35,Female,75.6,76,0
816,68,Male,82.1,48,4
817,22,Male,45.2,94,2
818,64,Male,63.1,71,0
819,42,Female,108.9,64,0
820,19,Male,47.4,77,2
821,27,Male,33.5,58,2
822,47,Female,97.0,1,3
823,67,Female,109.1,38,3
824,62,Male,60.1,80,0
825,22,Female,85.3,30,3
826,50,Female,93.5,44,3
827,18,Male,41.4,24,1
828,35,Female,47.9,95,2
829,49,Male,90.8,92,0
830,64,Female,102.1,28,3
831,66,Male,74.1,54,4
832,28,Male,38.0,33,1
833,38,Male,109.7,65,0
834,43,Female,46.7,63,2
835,42,Male,51.6,70,2
836,39,Female,68.6,58,4
837,44,Male,98.9,100,0
838,66,Male,81.3,24,3
839,30,Female,70.4,7,3
840,50,Male,71.6,40,4
841,51,Male,61.1,11,1
842,58,Female,74.0,13,3
843,52,Male,15.0,25,1
844,18,Male,52.6,27,1
845,38,Male,66.0,26,3
846,65,Male,31.2,63,2
847,23,Female,69.7,37,4
848,45,Female,54.9,46,4
849,34,Male,103.9,72,0
850,22,Female,99.3,31,3
851,48,Male,48.4,43,4
852,22,Female,56.2,59,4
853,55,Male,58.2,1,1
854,20,Male,48.7,1,1
855,70,Male,64.9,59,4
856,40,Male,41.0,62,2
857,54,Male,31.7,100,2
858,70,Male,75.6,54,4
859,54,Female,75.7,70,0
860,27,Male,39.9,45,1
861,27,Female,82.4,57,0
862,36,Male,44.2,92,2
863,34,Female,66.3,1,3
864,38,Female,80.5,60,0
865,31,Female,59.2,100,0
866,26,Male,71.4,57,4
867,63,Male,47.1,91,2
868,18,Female,55.1,34,4
869,68,Male,54.9,49,4
870,62,Female,41.3,51,4
871,30,Male,55.6,1,1
872,21,Female,21.3,21,1
873,18,Female,47.7,23,1
874,66,Male,52.9,71,2
875,57,Female,53.6,72,2
876,49,Male,54.0,58,4
877,51,Female,58.5,71,2
878,45,Female,72.0,46,4
879,48,Male,81.9,80,0
880,25,Male,43.8,50,4
881,56,Male,29.9,51,2
882,43,Female,33.9,43,1
883,51,Male,47.8,67,2
884,20,Female,51.2,39,4
885,67,Female,40.8,74,2
886,29,Male,27.6,22,1
887,18,Male,48.6,23,1
888,61,Female,64.5,67,0
889,22,Female,74.9,48,4
890,47,Male,46.1,39,1
891,47,Male,49.7,72,2
892,34,Male,36.8,35,1
893,65,Male,59.2,45,4
894,64,Male,38.8,85,2
895,40,Female,74.3,88,0
896,32,Female,15.4,89,2
897,54,Female,51.0,43,4
898,38,Female,67.5,81,0
899,31,Male,64.6,26,4
900,19,Male,127.3,27,3
901,28,Male,68.7,1,3
902,68,Female,34.9,92,2
903,56,Female,57.6,28,1
904,55,Male,15.6,47,2
905,51,Male,58.0,27,1
906,55,Female,39.2,67,2
907,67,Female,82.9,41,3
908,51,Male,46.3,17,1
909,35,Male,57.1,61,4
910,47,Female,44.1,14,1
911,32,Male,103.5,29,3
912,44,Male,52.0,1,1
913,68,Male,105.8,14,3
914,51,Female,80.4,54,4
915,69,Female,72.1,1,3
916,55,Female,69.2,13,3
917,50,Female,69.8,50,4
918,41,Female,15.0,36,1
919,32,Female,53.0,100,2
920,47,Female,81.1,96,0
921,59,Male,58.8,28,4
922,68,Male,24.9,64,2
923,34,Male,58.7,69,4
924,22,Male,102.6,35,3
925,46,Male,91.2,13,3
926,21,Male,58.4,50,4
927,27,Male,83.8,46,3
928,34,Female,50.8,39,4
929,27,Female,17.4,61,2
930,34,Male,36.9,31,1
931,37,Male,99.1,21,3
932,41,Female,53.2,53,4
933,22,Male,53.9,60,4
934,51,Male,52.5,21,1
935,23,Female,107.6,73,0
936,70,Male,100.6,6,3
937,19,Female,115.5,36,3
938,30,Male,56.0,44,4
939,60,Female,67.4,34,4
940,60,Female,22.1,36,1
941,65,Female,96.9,97,0
942,28,Male,30.8,29,1
943,68,Female,65.4,100,0
944,64,Male,32.6,61,2
945,40,Male,45.3,52,4
946,33,Male,39.1,62,2
947,48,Male,44.8,100,2
948,28,Female,46.5,25,1
949,33,Female,46.3,22,1
950,25,Male,80.8,31,3
951,21,Male,32.4,51,2
952,57,Female,65.5,7,3
953,21,Male,90.4,51,3
954,42,Female,47.2,92,2
955,20,Male,42.1,54,2
956,49,Male,54.2,43,4
957,20,Female,89.5,35,3
958,44,Male,64.9,72,0
959,46,Female,46.7,29,1
960,49,Male,72.1,96,0
961,67,Male,32.4,98,2
962,68,Male,77.0,56,4
963,36,Female,70.2,50,4
964,38,Male,52.3,76,2
965,22,Male,39.0,77,2
966,35,Male,37.8,30,1
967,45,Male,73.4,37,4
968,59,Female,90.7,17,3
969,39,Female,44.1,60,2
970,38,Male,71.5,67,0
971,23,Female,15.0,16,1
972,18,Male,45.4,39,1
973,22,Male,59.2,16,1
974,58,Male,37.3,28,1
975,29,Female,36.6,64,2
976,43,Female,43.3,32,1
977,63,Female,67.3,42,4
978,51,Female,55.3,9,1
979,66,Female,15.0,55,2
980,31,Female,15.0,49,2
981,43,Female,44.8,32,1
982,62,Female,71.4,45,4
983,44,Female,15.0,55,2
984,26,Male,47.5,30,1
985,43,Female,46.8,13,1
986,64,Female,94.7,95,0
987,39,Female,50.4,34,1
988,64,Female,69.6,48,4
989,47,Female,63.5,75,0
990,60,Female,15.0,100,2
991,65,Female,79.2,19,3
992,34,Female,65.4,61,4
993,43,Female,72.7,32,3
994,53,Female,150.0,37,3
995,18,Female,15.0,32,1
996,25,Male,103.1,22,3
997,66,Male,52.8,49,4
998,52,Female,67.2,13,3
999,69,Female,58.9,74,0
1000,32,Male,49.4,51,4
1001,64,Female,45.8,61,2
1002,39,Male,68.2,38,4
1003,31,Male,22.1,41,1
1004,43,Male,78.8,57,0
1005,45,Male,49.6,21,1
1006,40,Male,31.7,41,1
1007,31,Female,48.7,29,1
1008,41,Male,91.4,28,3
1009,19,Female,46.6,1,1
1010,62,Female,69.0,83,0
1011,43,Male,41.7,33,1
1012,31,Male,78.9,79,0
1013,68,Female,77.1,77,0
1014,24,Male,106.2,18,3
1015,20,Male,55.6,23,1
1016,64,Female,76.7,100,0
1017,40,Female,62.5,94,0
1018,63,Male,92.4,49,3
1019,60,Female,42.0,56,2
1020,64,Male,78.6,34,3
1021,62,Male,55.1,61,4
1022,35,Male,58.4,32,4
1023,55,Female,62.3,1,1
1024,52,Female,66.3,17,3
1025,68,Female,57.1,51,4
1026,32,Female,65.4,22,3
1027,42,Female,99.5,48,3
1028,54,Male,84.6,23,3
1029,45,Male,81.7,30,3
1030,27,Male,48.6,71,2
1031,56,Male,37.8,56,2
1032,34,Female,83.9,50,4
1033,56,Male,81.9,72,0
1034,39,Female,96.8,62,0
1035,43,Male,44.9,86,2
1036,61,Female,54.3,39,4
1037,42,Female,19.0,39,1
1038,34,Male,50.2,17,1
1039,30,Male,84.9,39,3
1040,37,Male,48.3,74,2
1041,42,Male,76.0,82,0
1042,21,Female,55.2,74,2
1043,27,Male,68.1,5,3
1044,20,Male,31.3,77,2
1045,58,Female,62.1,4,1
1046,62,Male,15.0,72,2
1047,35,Male,55.3,41,4
1048,64,Male,19.2,68,2
1049,53,Male,90.1,17,3
1050,64,Male,79.4,79,0
1051,39,Female,71.7,13,3
1052,51,Male,98.0,33,3
1053,64,Male,36.3,25,1
1054,25,Male,103.7,6,3
1055,57,Male,83.3,52,4
1056,66,Male,54.1,95,2
1057,61,Female,88.4,100,0
1058,36,Male,32.3,52,2
1059,59,Female,39.4,78,2
1060,58,Female,44.8,56,2
1061,54,Male,46.8,62,2
1062,23,Male,33.6,41,1
1063,69,Male,90.6,55,0
1064,43,Male,53.5,63,4
1065,51,Female,68.8,36,4
1066,62,Male,45.7,48,4
1067,23,Male,15.0,49,2
1068,54,Male,66.8,71,0
1069,50,Male,15.0,23,1
1070,70,Male,58.3,49,4
1071,39,Male,25.8,98,2
1072,38,Female,109.7,79,0
1073,23,Female,82.8,84,0
1074,23,Male,62.6,51,4
1075,65,Male,91.6,58,0
1076,21,Male,38.8,75,2
1077,47,Female,73.6,89,0
1078,28,Male,65.0,1,3
1079,47,Female,66.6,17,3
1080,48,Male,91.8,83,0
1081,41,Male,78.3,43,4
1082,26,Male,67.2,33,4
1083,20,Male,18.6,19,1
1084,68,Female,36.0,36,1
1085,48,Female,56.9,15,1
1086,57,Male,62.3,100,0
1087,54,Male,31.7,49,2
1088,53,Female,120.3,49,3
1089,41,Female,97.9,65,0
1090,48,Female,75.1,74,0
1091,23,Female,61.8,74,0
1092,19,Male,54.7,77,2
1093,37,Female,36.2,34,1
1094,45,Male,61.9,43,4
1095,28,Female,66.4,69,0
1096,21,Female,29.0,37,1
1097,32,Female,68.4,50,4
1098,23,Female,56.1,60,4
1099,66,Female,15.0,70,2
1100,47,Male,38.5,6,1
1101,55,Male,49.7,68,2
1102,68,Female,107.2,44,3
1103,19,Female,73.9,68,0
1104,32,Male,26.6,69,2
1105,28,Female,72.2,90,0
1106,25,Female,21.3,84,2
1107,43,Male,87.1,84,0
1108,68,Female,48.2,86,2
1109,62,Female,57.7,57,4
1110,61,Male,93.1,51,3
1111,22,Male,27.8,72,2
1112,23,Male,25.1,68,2
1113,43,Female,45.4,42,4
1114,21,Male,86.0,60,0
1115,36,Male,22.0,49,2
1116,37,Male,15.0,29,1
1117,50,Male,48.7,82,2
1118,37,Male,73.8,51,4
1119,66,Male,90.0,100,0
1120,29,Female,48.4,9,1
1121,64,Female,49.7,36,1
1122,18,Male,88.8,51,3
1123,43,Male,15.0,78,2
1124,31,Male,50.3,60,4
1125,55,Female,64.8,58,4
1126,54,Female,71.2,22,3
1127,28,Female,47.3,21,1
1128,53,Female,60.9,58,4
1129,30,Female,15.0,16,1
1130,60,Female,43.5,37,1
1131,20,Female,71.3,63,0
1132,50,Female,35.4,25,1
1133,23,Female,61.5,90,0
1134,67,Male,71.2,81,0
1135,27,Male,51.4,11,1
1136,22,Male,64.3,27,4
1137,40,Male,35.9,1,1
1138,27,Female,54.8,30,1
1139,61,Female,75.3,69,0
1140,19,Male,63.9,40,4
1141,30,Female,45.3,62,2
1142,57,Male,65.6,12,3
1143,19,Female,77.9,70,0
1144,37,Male,15.0,36,1
1145,18,Female,89.0,50,3
1146,54,Female,51.6,48,4
1147,26,Male,70.6,18,3
1148,34,Female,89.9,21,3
1149,26,Male,25.7,74,2
1150,28,Male,42.3,60,2
1151,32,Male,52.8,76,2
1152,41,Male,40.4,58,2
1153,55,Female,103.4,54,0
1154,52,Female,38.6,7,1
1155,47,Female,46.1,43,4
1156,48,Male,65.1,49,4
1157,66,Female,29.9,99,2
1158,22,Male,50.1,67,2
1159,61,Female,67.9,88,0
1160,67,Female,51.7,65,2
1161,31,Female,57.7,32,4
1162,70,Male,46.8,53,4
1163,28,Female,22.1,56,2
1164,26,Female,68.0,27,3
1165,51,Male,103.9,40,3
1166,29,Female,60.5,45,4
1167,52,Male,65.6,90,0
1168,52,Female,77.3,1,3
1169,18,Male,28.3,80,2
1170,57,Male,102.6,27,3
1171,39,Female,65.1,16,3
1172,46,Male,100.8,79,0
1173,25,Male,41.7,68,2
1174,28,Male,105.5,81,0
1175,58,Male,79.4,70,0
1176,54,Male,73.8,100,0
1177,31,Male,65.9,64,4
1178,47,Female,53.8,46,4
1179,52,Male,90.0,59,0
1180,38,Male,63.5,81,0
1181,54,Female,15.0,31,1
1182,22,Female,32.1,34,1
1183,36,Female,55.4,42,4
1184,31,Female,67.7,1,3
1185,43,Female,58.6,53,4
1186,21,Female,90.5,3,3
1187,42,Female,15.0,51,2
1188,62,Male,63.6,72,0
1189,59,Male,15.0,38,1
1190,42,Female,79.0,92,0
1191,35,Male,57.6,13,1
1192,57,Male,70.5,80,0
1193,25,Male,38.4,67,2
1194,56,Female,92.0,7,3
1195,57,Female,86.0,100,0
1196,31,Male,74.6,48,4
1197,49,Female,56.8,28,1
1198,68,Male,74.5,15,3
1199,55,Male,42.3,44,4
1200,50,Male,81.4,47,4
1201,40,Male,101.2,53,3
1202,32,Female,86.8,43,3
1203,50,Female,41.8,66,2
1204,42,Female,69.0,40,4
1205,34,Male,27.7,2,1
1206,50,Female,74.3,46,4
1207,64,Male,71.3,1,3
1208,19,Female,15.0,59,2
1209,31,Male,31.0,26,1
1210,70,Male,52.9,54,4
1211,57,Male,52.5,83,2
1212,57,Female,29.8,26,1
1213,68,Female,69.7,77,0
1214,56,Female,66.3,39,4
1215,68,Female,55.1,94,2
1216,23,Male,41.1,41,1
1217,23,Female,86.2,29,3
1218,20,Female,101.4,67,0
1219,24,Male,47.9,39,4
1220,68,Male,44.7,29,1
1221,25,Male,72.3,38,4
1222,59,Female,51.0,49,4
1223,69,Male,56.5,84,2
1224,32,Male,78.5,2,3
1225,64,Male,15.0,51,2
1226,46,Female,93.0,66,0
1227,50,Male,61.8,55,4
1228,69,Female,49.7,83,2
1229,47,Female,57.8,48,4
1230,56,Male,59.1,45,4
1231,44,Male,16.7,65,2
1232,53,Female,97.4,52,3
1233,46,Male,61.0,40,4
1234,55,Male,71.1,63,0
1235,50,Female,83.8,34,3
1236,54,Female,34.5,35,1
1237,44,Male,71.8,37,4
1238,50,Female,53.3,84,2
1239,21,Male,81.2,1,3
1240,39,Male,15.0,60,2
1241,19,Male,57.5,51,4
1242,27,Female,44.9,8,1
1243,22,Male,70.8,58,4
1244,27,Male,71.8,62,0
1245,50,Male,42.3,65,2
1246,55,Female,42.2,1,1
1247,30,Female,57.2,84,2
1248,48,Female,37.6,32,1
1249,64,Female,81.0,67,0
1250,53,Female,50.8,69,2
1251,62,Male,15.0,28,1
1252,41,Female,50.6,67,2
1253,69,Female,34.0,40,1
1254,32,Female,19.2,1,1
1255,46,Male,29.1,79,2
1256,25,Female,62.7,31,4
1257,22,Female,93.2,29,3
1258,46,Male,67.8,40,4
1259,64,Female,44.8,57,2
1260,21,Male,71.4,49,4
1261,29,Male,48.5,64,2
1262,62,Male,42.6,17,1
1263,19,Male,31.1,31,1
1264,44,Male,16.2,47,2
1265,48,Female,50.3,97,2
1266,68,Male,64.0,47,4
1267,68,Male,57.6,77,2
1268,53,Female,49.6,51,4
1269,53,Male,36.4,38,1
1270,43,Female,75.2,44,4
1271,60,Female,27.1,46,1
1272,44,Female,79.4,65,0
1273,22,Male,34.9,84,2
1274,37,Male,41.2,59,2
1275,28,Male,23.3,80,2
1276,27,Female,47.5,26,1
1277,57,Male,84.4,40,3
1278,55,Male,72.9,32,3
1279,23,Male,84.5,58,0
1280,25,Female,73.1,41,4
1281,40,Female,32.4,68,2
1282,64,Male,51.7,27,1
1283,43,Male,40.5,51,2
1284,63,Male,93.3,67,0
1285,60,Male,30.1,1,1
1286,29,Female,82.3,100,0
1287,43,Female,82.3,43,3
1288,30,Female,105.7,1,3
1289,57,Female,49.8,54,4
1290,35,Male,77.8,51,4
1291,42,Male,117.0,48,3
1292,50,Male,44.6,75,2
1293,64,Female,21.6,69,2
1294,57,Male,15.0,57,2
1295,60,Female,77.8,61,0
1296,61,Female,50.7,94,2
1297,53,Male,70.9,13,3
1298,65,Male,64.6,53,4
1299,21,Male,70.6,52,4
1300,22,Female,65.6,70,0
1301,54,Male,92.0,29,3
1302,25,Female,36.2,6,1
1303,59,Male,43.1,54,2
1304,66,Female,40.7,57,2
1305,45,Female,80.8,87,0
1306,48,Male,82.5,18,3
1307,26,Female,71.3,79,0
1308,68,Female,89.6,100,0
1309,46,Male,30.5,41,1
1310,31,Female,101.7,18,3
1311,57,Male,98.1,40,3
1312,58,Female,78.4,50,4
1313,39,Male,104.5,64,0
1314,28,Male,18.6,35,1
1315,40,Female,46.9,89,2
1316,18,Female,41.6,22,1
1317,63,Female,78.0,7,3
1318,54,Female,33.7,78,2
1319,38,Female,78.9,1,3
1320,43,Male,94.3,45,3
1321,63,Female,77.4,100,0
1322,53,Male,67.1,50,4
1323,40,Male,35.3,22,1
1324,18,Female,38.8,49,2
1325,68,Male,91.2,49,3
1326,57,Male,79.5,54,4
1327,32,Male,59.0,67,4
1328,38,Male,49.6,24,1
1329,64,Female,15.0,92,2
1330,26,Male,33.2,56,2
1331,70,Female,107.8,68,0
1332,26,Female,28.0,34,1
1333,27,Male,64.7,82,0
1334,69,Female,85.2,44,3
1335,70,Female,28.6,57,2
1336,43,Female,64.6,27,4
1337,58,Male,83.4,25,3
1338,52,Female,60.3,67,4
1339,69,Female,131.7,39,3
1340,42,Female,18.3,29,1
1341,43,Male,86.5,34,3
1342,28,Female,55.7,67,2
1343,55,Male,79.3,34,3
1344,19,Male,71.0,47,4
1345,24,Male,41.7,50,4
1346,35,Male,65.7,2,3
1347,44,Male,15.0,13,1
1348,51,Male,75.1,58,4
1349,44,Female,67.5,32,4
1350,34,Male,76.0,76,0
1351,60,Female,86.5,74,0
1352,61,Female,69.2,68,0
1353,68,Male,63.7,95,0
1354,41,Female,38.0,48,2
1355,42,Female,42.2,66,2
1356,24,Female,89.7,35,3
1357,69,Female,95.9,100,0
1358,23,Male,54.0,100,2
1359,70,Female,61.2,50,4
1360,41,Male,37.4,60,2
1361,50,Female,89.3,84,0
1362,66,Female,76.6,46,4
1363,46,Male,108.5,34,3
1364,60,Female,38.0,72,2
1365,39,Female,50.5,52,4
1366,43,Female,65.8,55,4
1367,45,Male,76.2,29,3
1368,67,Female,54.6,7,1
1369,38,Male,38.2,56,2
1370,66,Female,82.0,73,0
1371,24,Male,78.0,44,4
1372,34,Male,37.1,86,2
1373,37,Female,93.9,32,3
1374,58,Female,89.3,24,3
1375,66,Male,63.4,48,4
1376,37,Male,62.0,48,4
1377,39,Female,73.9,69,0
1378,45,Male,38.5,31,1
1379,57,Female,60.8,84,0
1380,66,Female,15.0,99,2
1381,24,Female,81.9,49,4
1382,18,Female,21.0,81,2
1383,49,Male,97.6,24,3
1384,30,Female,51.7,77,2
1385,47,Male,54.7,76,2
1386,40,Female,44.3,72,2
1387,68,Male,52.8,50,4
1388,36,Female,95.5,1,3
1389,49,Male,15.0,34,1
1390,47,Male,91.9,34,3
1391,46,Female,68.5,26,3
1392,66,Female,29.8,53,2
1393,62,Female,33.1,40,1
1394,46,Female,101.9,29,3
1395,47,Male,36.4,24,1
1396,33,Female,31.2,32,1
1397,57,Male,88.4,78,0
1398,36,Male,68.5,33,4
1399,35,Female,36.6,37,1
1400,18,Male,65.4,39,4
1401,31,Male,34.4,58,2
1402,68,Male,87.5,61,0
1403,64,Male,86.5,1,3
1404,67,Female,73.3,76,0
1405,19,Female,69.0,86,0
1406,45,Female,104.0,24,3
1407,66,Female,60.0,26,1
1408,67,Male,30.5,39,1
1409,47,Male,71.2,31,3
1410,55,Female,112.2,56,0
1411,68,Female,34.6,1,1
1412,21,Female,51.0,22,1
1413,18,Male,70.4,88,0
1414,25,Female,58.7,27,1
1415,46,Female,35.4,81,2
1416,56,Female,88.0,59,0
1417,20,Male,118.0,5,3
1418,49,Male,64.9,66,4
1419,27,Male,37.4,47,1
1420,27,Male,21.3,39,1
1421,36,Male,66.4,56,4
1422,63,Male,87.6,62,0
1423,51,Male,71.9,68,0
1424,50,Male,59.9,79,0
1425,40,Female,45.3,60,2
1426,45,Female,32.7,16,1
1427,49,Male,80.9,38,3
1428,67,Male,82.8,100,0
1429,24,Female,21.4,68,2
1430,46,Male,99.7,100,0
1431,25,Male,74.4,85,0
1432,18,Male,95.0,56,0
1433,20,Female,26.4,58,2
1434,41,Female,25.9,49,2
1435,40,Female,56.3,7,1
1436,25,Female,72.6,50,4
1437,64,Female,104.9,80,0
1438,54,Male,77.7,35,3
1439,20,Female,53.9,60,4
1440,68,Male,34.3,71,2
1441,50,Male,90.8,27,3
1442,45,Female,35.9,39,1
1443,64,Female,100.7,25,3
1444,25,Male,52.9,29,1
1445,51,Male,99.8,18,3
1446,52,Male,77.0,27,3
1447,49,Female,56.6,85,2
1448,41,Female,47.0,27,1
1449,31,Female,51.5,53,4
1450,49,Female,70.7,37,4
1451,63,Female,61.9,79,0
1452,60,Male,45.2,83,2
1453,33,Female,55.9,72,2
1454,21,Male,62.0,58,4
1455,69,Male,15.0,44,1
1456,54,Male,71.5,20,3
1457,38,Female,35.5,99,2
1458,31,Female,31.2,31,1
1459,48,Female,17.8,67,2
1460,65,Male,15.2,76,2
1461,35,Male,26.1,36,1
1462,24,Male,42.3,76,2
1463,27,Male,108.8,69,0
1464,24,Male,46.9,93,2
1465,50,Male,64.4,38,4
1466,40,Female,70.0,18,3
1467,38,Female,63.3,37,4
1468,36,Female,58.1,55,4
1469,65,Female,30.1,51,2
1470,36,Male,96.3,40,3
1471,53,Male,105.2,2,3
1472,46,Female,17.9,62,2
1473,35,Male,34.4,99,2
1474,19,Female,53.0,62,4
1475,18,Female,35.9,65,2
1476,64,Female,72.6,64,0
1477,22,Male,41.8,60,2
1478,37,Female,114.1,73,0
1479,28,Female,89.8,60,0
1480,59,Female,65.3,42,4
1481,19,Male,85.7,30,3
1482,20,Male,87.6,44,3
1483,40,Female,45.9,58,2
1484,29,Male,39.6,42,1
1485,37,Male,62.0,58,4
1486,22,Male,81.5,61,0
1487,54,Male,63.5,71,0
1488,55,Male,20.6,82,2
1489,47,Male,39.9,52,2
1490,26,Male,58.2,17,1
1491,51,Male,58.1,41,4
1492,70,Male,109.3,51,3
1493,61,Male,25.4,4,1
1494,52,Female,72.6,85,0
1495,69,Female,97.2,54,0
1496,39,Male,116.8,60,0
1497,61,Female,49.9,84,2
1498,41,Female,72.3,34,3
1499,34,Male,74.2,64,0
1500,27,Male,64.9,47,4
1501,47,Male,57.5,45,4
1502,63,Female,70.9,31,3
1503,40,Female,15.0,92,2
1504,49,Male,77.1,41,4
1505,34,Male,63.2,67,4
1506,67,Male,54.4,3,1
1507,68,Female,111.2,79,0
1508,34,Female,43.1,76,2
1509,31,Female,49.9,52,4
1510,26,Female,109.8,44,3
1511,57,Male,39.2,60,2
1512,19,Male,46.2,100,2
1513,62,Male,56.3,6,1
1514,42,Male,81.0,70,0
1515,56,Female,65.2,27,4
1516,26,Female,27.7,50,2
1517,39,Male,46.7,44,4
1518,60,Male,44.8,39,1
1519,63,Female,58.1,50,4
1520,21,Male,70.6,22,3
1521,43,Female,70.5,76,0
1522,46,Male,15.6,5,1
1523,62,Male,86.6,63,0
1524,51,Male,66.3,42,4
1525,40,Male,94.6,21,3
1526,54,Male,71.1,55,4
1527,28,Male,87.5,11,3
1528,23,Male,71.7,51,4
1529,35,Female,93.7,14,3
1530,38,Female,73.1,62,0
1531,59,Female,57.6,27,1
1532,53,Female,116.8,39,3
1533,58,Female,82.2,57,0
1534,55,Male,74.3,31,3
1535,51,Male,28.1,49,2
1536,34,Female,27.8,12,1
1537,54,Male,67.3,66,0
1538,42,Female,63.6,94,0
1539,55,Female,44.6,100,2
1540,29,Male,63.5,52,4
1541,40,Male,99.7,70,0
1542,70,Male,77.4,5,3
1543,59,Female,31.5,88,2
1544,39,Male,57.2,69,2
1545,38,Female,39.9,38,1
1546,44,Female,50.3,81,2
1547,48,Female,49.7,44,4
1548,23,Male,48.1,39,4
1549,44,Male,28.6,62,2
1550,57,Female,56.8,23,1
1551,51,Male,46.0,76,2
1552,29,Male,15.0,24,1
1553,62,Male,111.3,24,3
1554,70,Female,87.2,27,3
1555,24,Female,50.6,69,2
1556,27,Male,60.5,35,4
1557,62,Female,30.7,16,1
1558,34,Male,102.4,35,3
1559,43,Male,107.4,49,3
1560,38,Male,63.9,20,3
1561,45,Male,85.6,21,3
1562,63,Female,64.4,100,0
1563,19,Female,26.6,28,1
1564,60,Female,49.7,42,4
1565,18,Male,63.3,41,4
1566,68,Male,48.6,39,4
1567,70,Male,54.5,66,2
1568,53,Female,57.7,74,2
1569,68,Male,58.0,42,4
1570,43,Female,61.3,19,1
1571,46,Female,33.5,82,2
1572,38,Female,42.1,48,4
1573,28,Female,27.9,93,2
1574,57,Female,84.4,1,3
1575,28,Female,15.0,55,2
1576,53,Male,88.8,98,0
1577,66,Male,94.7,41,3
1578,56,Female,52.4,44,4
1579,52,Female,51.0,36,4
1580,51,Male,58.4,42,4
1581,64,Female,34.7,42,1
1582,41,Female,47.1,34,1
1583,39,Male,98.3,81,0
1584,22,Female,76.6,62,0
1585,50,Female,36.9,56,2
1586,53,Female,20.1,70,2
1587,64,Male,51.8,43,4
1588,37,Male,54.7,31,1
1589,36,Male,72.4,35,4
1590,52,Female,46.6,50,4
1591,69,Female,72.8,24,3
1592,60,Male,108.4,37,3
1593,34,Female,80.4,37,3
1594,62,Female,58.8,100,0
1595,60,Female,55.4,1,1
1596,51,Female,51.1,46,4
1597,26,Female,89.5,93,0
1598,43,Male,44.3,53,4
1599,19,Female,61.1,69,0
1600,70,Male,61.3,52,4
1601,26,Female,47.5,33,1
1602,26,Male,25.7,1,1
1603,57,Female,68.1,55,4
1604,34,Male,58.5,31,4
1605,18,Female,72.5,30,3
1606,42,Male,46.7,38,1
1607,60,Female,90.5,94,0
1608,57,Male,38.1,100,2
1609,59,Female,102.8,55,0
1610,42,Male,16.3,38,1
1611,56,Male,70.9,21,3
1612,52,Female,71.9,62,0
1613,20,Female,40.1,95,2
1614,67,Male,70.6,44,4
1615,54,Female,92.0,1,3
1616,61,Male,15.0,67,2
1617,61,Male,72.6,75,0
1618,68,Male,15.0,10,1
1619,47,Female,35.9,54,2
1620,55,Male,100.7,61,0
1621,51,Male,45.5,48,4
1622,29,Female,30.7,30,1
1623,36,Female,55.1,75,2
1624,54,Female,111.7,40,3
1625,61,Female,15.0,13,1
1626,66,Male,33.7,1,1
1627,34,Male,97.4,82,0
1628,27,Male,106.4,65,0
1629,66,Male,57.4,52,4
1630,64,Female,29.0,39,1
1631,29,Male,112.4,37,3
1632,33,Male,99.9,23,3
1633,41,Female,77.0,39,3
1634,36,Male,39.7,1,1
1635,25,Male,58.8,32,4
1636,48,Male,56.0,42,4
1637,38,Male,68.3,65,0
1638,34,Male,96.3,49,3
1639,40,Male,82.0,70,0
1640,54,Female,33.1,84,2
1641,33,Female,94.4,76,0
1642,23,Male,67.8,62,4
1643,25,Male,77.2,50,4
1644,42,Female,96.7,25,3
1645,35,Male,32.2,68,2
1646,42,Male,59.1,92,0
1647,29,Male,46.7,59,2
1648,32,Female,20.8,98,2
1649,43,Male,68.7,12,3
1650,58,Female,122.8,21,3
1651,62,Male,15.0,71,2
1652,43,Female,59.2,57,4
1653,64,Female,76.0,83,0
1654,49,Male,63.1,50,4
1655,27,Female,57.2,28,1
1656,33,Male,27.5,45,1
1657,24,Female,65.8,12,3
1658,34,Male,41.1,22,1
1659,40,Male,15.0,74,2
1660,43,Female,89.9,72,0
1661,38,Male,84.0,59,0
1662,39,Male,61.3,7,1
1663,24,Female,65.7,41,4
1664,31,Male,86.9,19,3
1665,32,Male,65.6,79,0
1666,70,Female,82.6,35,3
1667,24,Female,52.6,23,1
1668,26,Male,92.8,51,3
1669,68,Male,68.0,34,4
1670,65,Female,64.9,87,0
1671,25,Female,28.2,32,1
1672,67,Male,67.2,15,3
1673,40,Female,39.2,1,1
1674,46,Male,44.0,49,4
1675,35,Male,39.6,36,1
1676,48,Male,33.3,14,1
1677,47,Male,113.1,80,0
1678,69,Male,93.3,67,0
1679,56,Female,108.0,49,3
1680,52,Female,29.4,84,2
1681,35,Female,61.8,67,4
1682,59,Female,27.7,29,1
1683,56,Male,42.6,24,1
1684,34,Male,37.0,70,2
1685,31,Male,91.0,60,0
1686,48,Male,50.1,54,4
1687,41,Female,86.7,29,3
1688,52,Male,75.1,65,0
1689,61,Male,117.6,31,3
1690,62,Female,23.0,47,1
1691,51,Female,91.5,86,0
1692,20,Female,88.7,33,3
1693,54,Female,35.7,11,1
1694,60,Male,85.2,24,3
1695,57,Male,68.4,75,0
1696,43,Female,54.3,56,4
1697,40,Male,39.4,47,4
1698,61,Male,42.0,37,1
1699,56,Male,111.2,62,0
1700,32,Female,60.0,29,4
1701,66,Male,79.6,58,0
1702,21,Female,40.2,32,1
1703,46,Male,40.5,28,1
1704,39,Male,87.0,34,3
1705,42,Male,26.3,41,1
1706,30,Female,49.6,49,4
1707,35,Male,60.9,56,4
1708,50,Female,62.8,1,1
1709,33,Female,55.5,30,1
1710,62,Female,69.9,40,4
1711,59,Male,77.3,88,0
1712,61,Male,78.4,23,3
1713,19,Male,35.4,54,2
1714,52,Male,52.9,87,2
1715,59,Female,89.9,17,3
1716,51,Female,82.4,60,0
1717,47,Female,25.7,30,1
1718,30,Male,68.8,37,4
1719,30,Female,15.0,30,1
1720,35,Male,61.2,32,4
1721,49,Female,107.4,100,0
1722,49,Male,36.3,71,2
1723,52,Male,39.1,78,2
1724,56,Female,79.1,62,0
1725,63,Female,21.4,10,1
1726,69,Female,44.2,60,2
1727,46,Female,74.9,77,0
1728,66,Male,44.1,29,1
1729,46,Female,54.1,74,2
1730,70,Female,78.6,68,0
1731,61,Female,70.5,96,0
1732,33,Male,66.7,40,4
1733,61,Male,51.5,23,1
1734,64,Female,69.3,41,4
1735,27,Male,56.9,86,2
1736,47,Female,71.4,4,3
1737,42,Male,47.6,1,1
1738,56,Male,55.4,52,4
1739,37,Male,35.3,39,1
1740,22,Male,59.1,50,4
1741,18,Female,39.7,74,2
1742,47,Female,32.1,36,1
1743,66,Female,66.5,3,3
1744,20,Male,65.3,100,0
1745,62,Female,79.6,25,3
1746,31,Female,49.2,24,1
1747,47,Female,70.2,78,0
1748,67,Male,73.8,40,4
1749,21,Male,71.1,48,4
1750,35,Male,39.4,62,2
1751,54,Female,63.7,77,0
1752,42,Female,69.1,42,4
1753,65,Female,60.2,88,0
1754,18,Male,15.0,1,1
1755,70,Male,64.0,69,0
1756,63,Female,115.3,29,3
1757,32,Male,51.0,84,2
1758,26,Male,41.8,54,2
1759,32,Male,69.3,33,4
1760,66,Male,67.8,67,0
1761,41,Female,89.8,72,0
1762,21,Male,28.6,66,2
1763,29,Male,78.3,24,3
1764,54,Male,74.8,38,4
1765,54,Male,56.4,50,4
1766,60,Female,68.5,49,4
1767,23,Female,85.7,69,0
1768,56,Male,81.8,1,3
1769,63,Male,31.4,58,2
1770,41,Male,80.5,43,3
1771,28,Male,58.4,29,4
1772,30,Male,61.8,31,4
1773,51,Male,61.8,45,4
1774,42,Female,56.2,1,1
1775,24,Male,89.8,32,3
1776,69,Female,57.9,28,1
1777,21,Female,32.0,63,2
1778,25,Male,50.2,30,1
1779,37,Female,64.5,45,4
1780,46,Female,90.7,89,0
1781,70,Female,75.1,75,0
1782,68,Female,38.7,73,2
1783,62,Female,122.1,38,3
1784,63,Female,66.6,64,4
1785,27,Male,91.9,44,3
1786,60,Female,56.2,45,4
1787,51,Female,73.3,60,4
1788,43,Female,81.0,35,3
1789,58,Male,90.5,87,0
1790,66,Female,86.4,46,3
1791,20,Male,81.8,65,0
1792,23,Female,52.1,86,2
1793,22,Male,45.7,76,2
1794,22,Male,68.3,15,3
1795,64,Female,83.3,61,0
1796,40,Female,54.4,71,2
1797,66,Male,86.6,72,0
1798,26,Female,96.3,22,3
1799,52,Male,37.1,34,1
1800,37,Male,39.1,75,2
1801,66,Male,56.5,31,4
1802,59,Male,67.7,43,4
1803,52,Male,46.9,89,2
1804,67,Female,93.8,49,3
1805,35,Male,70.6,32,3
1806,34,Male,61.0,28,4
1807,41,Female,24.1,58,2
1808,20,Male,27.1,17,1
1809,49,Female,67.0,44,4
1810,52,Female,15.0,58,2
1811,55,Female,85.3,82,0
1812,30,Male,56.0,67,4
1813,64,Male,141.1,32,3
1814,42,Male,117.7,79,0
1815,26,Female,55.5,43,4
1816,21,Male,57.3,19,1
1817,31,Female,84.9,46,3
1818,54,Male,102.6,86,0
1819,51,Female,19.0,54,2
1820,28,Male,15.3,50,2
1821,58,Male,44.4,91,2
1822,20,Male,74.6,14,3
1823,45,Female,72.4,18,3
1824,46,Female,86.7,10,3
1825,26,Male,30.0,59,2
1826,20,Male,15.0,54,2
1827,42,Female,81.5,89,0
1828,51,Female,39.3,56,2
1829,29,Female,15.0,40,1
1830,59,Male,63.6,50,4
1831,26,Female,79.8,53,4
1832,32,Male,56.9,8,1
1833,57,Female,48.6,100,2
1834,42,Male,56.0,63,4
1835,22,Female,50.7,55,4
1836,28,Female,26.3,65,2
1837,51,Female,42.1,68,2
1838,41,Female,73.0,46,4
1839,32,Female,68.0,34,4
1840,55,Male,64.2,65,4
1841,25,Female,35.1,60,2
1842,22,Female,55.5,30,1
1843,65,Female,15.0,85,2
1844,43,Male,64.5,57,4
1845,35,Female,95.7,68,0
1846,23,Male,23.1,85,2
1847,54,Female,45.4,51,4
1848,65,Female,68.2,58,4
1849,30,Male,91.3,70,0
1850,45,Female,48.8,32,1
1851,22,Male,42.7,51,4
1852,30,Male,15.0,53,2
1853,34,Female,62.6,26,4
1854,67,Male,111.1,100,0
1855,57,Female,66.9,15,3
1856,62,Female,59.4,18,1
1857,49,Male,68.1,83,0
1858,46,Male,59.7,68,4
1859,68,Male,39.7,24,1
1860,20,Male,80.6,65,0
1861,57,Female,65.6,87,0
1862,51,Female,60.4,49,4
1863,57,Male,35.6,100,2
1864,44,Female,92.6,7,3
1865,30,Female,76.6,67,0
1866,62,Female,46.2,79,2
1867,50,Female,85.0,72,0
1868,23,Male,47.6,45,4
1869,41,Male,40.4,43,1
1870,36,Female,41.0,61,2
1871,33,Male,15.7,70,2
1872,57,Male,71.8,65,0
1873,45,Male,15.0,76,2
1874,50,Female,29.3,25,1
1875,65,Female,15.0,44,1
1876,58,Female,57.8,26,1
1877,30,Male,56.2,40,4
1878,60,Female,51.8,75,2
1879,62,Female,33.9,53,2
1880,42,Male,30.7,100,2
1881,70,Female,71.6,55,4
1882,59,Female,46.2,51,4
1883,53,Male,67.9,53,4
1884,44,Male,37.9,34,1
1885,55,Male,64.5,49,4
1886,24,Female,92.6,78,0
1887,22,Female,74.7,53,4
1888,60,Female,49.7,30,1
1889,62,Male,66.4,27,3
1890,68,Male,54.0,39,4
1891,48,Female,60.2,52,4
1892,40,Female,51.9,80,2
1893,59,Male,55.9,16,1
1894,27,Male,65.3,42,4
1895,49,Male,35.2,54,2
1896,60,Male,34.6,4,1
1897,70,Female,25.3,29,1
1898,47,Male,20.0,33,1
1899,56,Female,29.6,30,1
1900,48,Female,64.0,55,4
1901,35,Female,37.7,46,1
1902,53,Male,72.8,36,4
1903,19,Male,60.9,61,4
1904,31,Male,15.0,93,2
1905,30,Male,76.4,91,0
1906,46,Female,80.3,2,3
1907,29,Male,35.2,64,2
1908,56,Male,70.5,46,4
1909,19,Female,38.6,54,2
1910,49,Male,62.4,40,4
1911,30,Female,28.4,53,2
1912,63,Female,15.2,54,2
1913,44,Female,50.4,36,4
1914,66,Female,56.9,28,1
1915,58,Female,50.1,39,4
1916,34,Female,30.4,56,2
1917,57,Female,50.0,65,2
1918,48,Female,66.7,71,0
1919,51,Male,58.9,38,4
1920,41,Male,64.6,57,4
1921,62,Male,43.2,74,2
1922,52,Male,89.3,79,0
1923,65,Female,30.6,49,2
1924,23,Male,72.2,44,4
1925,36,Female,89.5,55,0
1926,47,Male,72.0,21,3
1927,24,Male,54.9,45,4
1928,27,Male,46.8,69,2
1929,58,Female,85.9,66,0
1930,49,Male,24.4,43,1
1931,51,Female,35.7,55,2
1932,45,Female,50.1,29,1
1933,32,Male,90.9,68,0
1934,47,Male,69.5,48,4
1935,54,Male,35.8,43,1
1936,46,Female,52.2,41,4
1937,39,Male,44.6,48,4
1938,21,Female,42.3,39,1
1939,37,Female,84.5,66,0
1940,49,Male,25.7,40,1
1941,53,Male,100.2,90,0
1942,67,Female,80.7,87,0
1943,21,Female,87.3,28,3
1944,44,Female,48.4,52,4
1945,34,Male,56.3,34,4
1946,29,Female,24.2,42,1
1947,39,Male,46.9,100,2
1948,34,Female,72.3,42,4
1949,27,Female,92.4,59,0
1950,18,Male,32.3,64,2
1951,39,Female,50.9,25,1
1952,43,Male,56.2,29,1
1953,35,Male,25.1,20,1
1954,67,Female,74.8,28,3
1955,31,Male,41.9,1,1
1956,64,Male,55.1,64,4
1957,46,Female,48.7,100,2
1958,29,Male,40.3,54,2
1959,53,Male,59.8,15,1
1960,52,Male,54.6,34,4
1961,69,Female,50.7,39,4
1962,29,Male,41.8,25,1
1963,24,Female,68.0,72,0
1964,46,Female,101.3,70,0
1965,28,Male,63.5,21,3
1966,50,Male,84.9,68,0
1967,23,Male,25.2,88,2
1968,64,Female,63.9,98,0
1969,32,Male,32.6,100,2
1970,49,Male,23.1,27,1
1971,68,Male,41.5,100,2
1972,28,Male,89.8,41,3
1973,40,Male,83.8,35,3
1974,43,Female,66.1,58,4
1975,51,Female,21.7,35,1
1976,63,Male,55.1,60,4
1977,51,Male,67.5,17,3
1978,46,Male,64.4,44,4
1979,21,Male,15.0,82,2
1980,34,Female,37.7,49,2
1981,52,Male,58.4,54,4
1982,30,Female,73.4,62,0
1983,58,Female,15.0,79,2
1984,56,Male,55.9,9,1
1985,32,Female,63.6,65,4
1986,46,Female,81.2,43,3
1987,46,Female,77.3,54,4
1988,28,Female,74.6,76,0
1989,69,Male,40.0,20,1
1990,49,Male,15.0,25,1
1991,19,Female,50.2,2,1
1992,64,Male,85.0,36,3
1993,31,Male,94.8,83,0
1994,37,Male,77.8,47,4
1995,39,Male,70.7,16,3
1996,28,Male,69.5,38,4
1997,44,Female,46.1,13,1
1998,20,Male,56.7,22,1
1999,34,Male,101.7,60,0
2000,61,Male,36.4,21,1
2001,45,Male,100.4,78,0
2002,46,Female,51.9,48,4
2003,38,Female,93.1,52,3
2004,64,Female,24.8,43,1
2005,33,Female,74.6,69,0
2006,54,Male,41.6,70,2
2007,37,Female,24.6,58,2
2008,23,Male,65.5,64,4
2009,36,Male,85.2,45,3
2010,22,Male,38.9,64,2
2011,20,Male,22.5,42,1
2012,18,Male,57.7,50,4
2013,55,Female,57.8,43,4
2014,32,Female,73.7,39,4
2015,51,Female,83.7,33,3
2016,52,Female,58.5,62,4
2017,66,Male,106.4,83,0
2018,42,Female,65.6,79,0
2019,41,Male,51.3,19,1
2020,29,Female,19.7,82,2
2021,35,Male,53.4,42,4
2022,32,Male,51.6,65,2
2023,61,Female,84.0,27,3
2024,33,Male,71.6,54,4
2025,44,Male,30.5,58,2
2026,25,Female,64.3,13,3
2027,63,Male,76.8,65,0
2028,42,Female,98.2,84,0
2029,34,Female,82.2,46,3
2030,46,Female,79.0,84,0
2031,70,Male,61.5,45,4
2032,25,Male,69.7,71,0
2033,32,Male,91.2,1,3
2034,44,Female,26.7,100,2
2035,63,Male,51.3,87,2
2036,67,Female,40.7,43,1
2037,69,Female,69.5,1,3
2038,24,Male,90.8,57,0
2039,20,Female,45.1,14,1
2040,46,Male,15.0,61,2
2041,61,Male,49.7,60,4
2042,70,Male,82.8,26,3
2043,41,Male,73.4,78,0
2044,20,Male,70.7,70,0
2045,37,Female,53.0,74,2
2046,63,Female,28.0,50,2
2047,32,Female,72.9,15,3
2048,42,Male,39.1,74,2
2049,47,Male,114.6,43,3
2050,31,Male,74.3,15,3
2051,24,Female,45.5,84,2
2052,34,Male,44.7,100,2
2053,61,Female,57.7,49,4
2054,37,Female,54.0,100,2
2055,53,Male,87.9,52,0
2056,26,Male,64.7,40,4
2057,55,Female,41.7,34,1
2058,65,Male,107.3,91,0
2059,39,Female,61.2,30,4
2060,70,Male,79.2,68,0
2061,70,Male,44.8,36,1
2062,19,Female,69.1,38,4
2063,41,Male,67.8,76,0
2064,25,Female,15.0,40,1
2065,28,Male,110.4,40,3
2066,30,Female,92.3,78,0
2067,34,Female,50.1,90,2
2068,25,Male,32.4,66,2
2069,38,Female,68.7,34,4
2070,35,Male,62.2,37,4
2071,47,Male,68.9,52,4
2072,35,Male,64.8,58,4
2073,63,Female,72.7,25,3
2074,64,Female,96.2,68,0
2075,48,Male,74.2,52,4
2076,55,Male,33.8,7,1
2077,49,Female,94.1,27,3
2078,28,Male,101.0,37,3
2079,62,Male,138.8,48,3
2080,42,Female,31.9,97,2
2081,50,Male,66.1,56,4
2082,55,Female,15.0,29,1
2083,58,Male,73.8,56,4
2084,25,Female,46.3,41,4
2085,28,Male,108.1,58,0
2086,39,Male,40.6,65,2
2087,68,Female,17.8,80,2
2088,41,Male,48.2,49,4
2089,58,Female,15.0,91,2
2090,34,Male,78.8,73,0
2091,29,Female,15.0,32,1
2092,63,Female,60.7,100,0
2093,49,Female,15.0,58,2
2094,32,Female,52.0,29,1
2095,33,Male,101.1,91,0
2096,39,Male,69.0,100,0
2097,45,Female,38.4,49,2
2098,37,Female,59.2,37,4
2099,50,Female,60.5,46,4
2100,27,Male,71.8,68,0
2101,57,Male,25.8,82,2
2102,49,Male,74.8,64,0
2103,67,Male,15.0,53,2
2104,50,Female,44.3,87,2
2105,19,Female,47.8,42,4
2106,50,Female,75.8,76,0
2107,50,Male,60.6,43,4
2108,58,Male,24.9,61,2
2109,30,Male,35.4,47,1
2110,47,Female,65.0,49,4
2111,50,Female,58.0,41,4
2112,30,Male,45.5,84,2
2113,69,Female,48.0,32,1
2114,43,Male,77.4,31,3
2115,39,Male,47.1,100,2
2116,56,Female,57.8,74,2
2117,19,Male,114.2,1,3
2118,55,Female,24.4,36,1
2119,56,Male,15.0,5,1
2120,43,Female,79.6,26,3
2121,63,Female,43.0,1,1
2122,67,Female,52.0,47,4
2123,32,Male,40.5,21,1
2124,51,Male,53.5,51,4
2125,59,Female,100.0,9,3
2126,61,Female,80.1,52,4
2127,66,Male,81.6,40,3
2128,57,Male,24.6,88,2
2129,28,Male,31.2,85,2
2130,20,Female,15.0,70,2
2131,23,Male,39.8,42,1
2132,26,Male,83.9,100,0
2133,23,Female,72.9,11,3
2134,26,Male,54.5,15,1
2135,56,Male,59.4,48,4
2136,48,Male,42.8,100,2
2137,49,Female,65.1,45,4
2138,58,Female,79.1,45,4
2139,67,Female,19.6,14,1
2140,29,Female,67.5,74,0
2141,25,Female,83.3,74,0
2142,25,Female,49.6,70,2
2143,67,Female,77.5,34,3
2144,45,Male,130.4,32,3
2145,37,Male,57.4,18,1
2146,64,Female,69.8,52,4
2147,24,Male,41.5,23,1
2148,28,Male,64.5,21,3
2149,37,Female,71.5,39,4
2150,33,Male,64.9,38,4
2151,21,Male,34.5,37,1
2152,23,Male,65.2,62,4
2153,39,Male,96.6,52,3
2154,43,Male,71.2,43,4
2155,20,Female,84.0,55,0
2156,58,Female,54.1,25,1
2157,59,Female,78.7,53,4
2158,31,Male,67.0,54,4
2159,28,Female,36.2,12,1
2160,35,Male,68.0,75,0
2161,29,Male,35.2,28,1
2162,40,Male,44.2,52,4
2163,29,Male,64.7,79,0
2164,30,Female,67.4,73,0
2165,42,Female,30.3,51,2
2166,62,Male,86.3,41,3
2167,68,Female,74.3,74,0
2168,36,Male,42.4,67,2
2169,63,Female,21.6,35,1
2170,53,Female,56.4,30,4
2171,62,Male,48.9,1,1
2172,25,Female,62.8,54,4
2173,46,Male,50.9,48,4
2174,70,Female,15.0,78,2
2175,49,Male,50.3,59,4
2176,68,Male,52.4,83,2
2177,61,Female,75.8,33,3
2178,35,Female,42.5,78,2
2179,23,Male,102.0,37,3
2180,35,Female,15.0,69,2
2181,36,Female,92.8,14,3
2182,39,Male,54.4,56,4
2183,54,Male,81.5,1,3
2184,49,Female,62.0,43,4
2185,58,Male,88.5,61,0
2186,20,Male,50.3,37,4
2187,45,Male,32.5,24,1
2188,27,Female,95.5,71,0
2189,68,Female,57.2,47,4
2190,52,Male,65.5,38,4
2191,46,Female,90.9,51,3
2192,32,Male,34.2,100,2
2193,50,Female,74.9,79,0
2194,24,Male,45.3,79,2
2195,29,Male,56.7,61,4
2196,66,Female,61.8,54,4
2197,47,Male,22.5,1,1
2198,38,Female,40.5,33,1
2199,48,Female,93.8,38,3
2200,41,Male,82.2,3,3
2201,37,Male,58.4,21,1
2202,54,Female,66.1,1,3
2203,21,Male,52.6,49,4
2204,45,Male,93.9,70,0
2205,61,Male,55.0,78,2
2206,37,Male,65.8,60,4
2207,41,Male,88.7,26,3
2208,67,Female,40.6,2,1
2209,66,Female,99.0,6,3
2210,68,Male,21.7,18,1
2211,49,Male,100.7,28,3
2212,58,Male,50.7,46,4
2213,53,Female,53.9,25,1
2214,70,Male,15.0,58,2
2215,51,Female,48.6,44,4
2216,53,Female,34.0,50,2
2217,19,Female,44.8,79,2
2218,32,Male,56.6,20,1
2219,51,Female,83.9,60,0
2220,53,Male,65.2,50,4
2221,23,Female,67.7,42,4
2222,56,Male,32.6,72,2
2223,59,Female,38.0,72,2
2224,68,Male,105.0,26,3
2225,68,Female,41.6,45,4
2226,29,Male,101.4,57,0
2227,20,Male,53.9,43,4
2228,62,Male,60.1,65,4
2229,35,Male,86.8,57,0
2230,57,Female,91.8,96,0
2231,38,Female,57.2,12,1
2232,32,Male,50.3,47,4
2233,50,Female,58.6,27,1
2234,52,Male,68.4,65,0
2235,43,Male,82.3,10,3
2236,25,Female,60.1,59,4
2237,53,Male,75.5,34,3
2238,65,Male,101.0,32,3
2239,47,Female,69.5,14,3
2240,40,Male,67.8,38,4
2241,59,Male,22.0,77,2
2242,61,Male,15.0,49,2
2243,31,Male,69.7,66,0
2244,31,Female,57.6,92,0
2245,19,Female,47.1,57,4
2246,54,Female,66.1,36,4
2247,22,Male,58.5,62,4
2248,55,Male,88.2,36,3
2249,62,Female,62.2,37,4
2250,58,Male,41.3,12,1
2251,64,Male,84.8,73,0
2252,31,Male,54.6,40,4
2253,56,Male,73.2,55,4
2254,42,Female,48.1,24,1
2255,37,Female,43.8,61,2
2256,19,Female,62.1,31,4
2257,56,Male,60.3,46,4
2258,23,Female,72.0,72,0
2259,34,Female,53.3,70,2
2260,42,Male,15.0,49,2
2261,45,Male,49.2,6,1
2262,19,Female,79.8,100,0
2263,52,Female,52.6,94,2
2264,54,Female,53.8,68,2
2265,22,Female,84.7,31,3
2266,18,Male,42.2,47,4
2267,57,Female,21.4,36,1
2268,29,Female,56.0,82,2
2269,53,Male,47.9,57,4
2270,62,Female,35.8,30,1
2271,40,Male,55.6,38,4
2272,64,Male,72.3,78,0
2273,48,Male,59.8,90,0
2274,28,Female,67.7,88,0
2275,27,Female,105.3,69,0
2276,20,Male,51.4,44,4
2277,31,Female,67.0,1,3
2278,33,Female,47.3,57,4
2279,27,Male,38.8,50,2
2280,46,Male,45.4,53,4
2281,27,Female,48.0,51,4
2282,29,Male,69.0,17,3
2283,47,Female,118.7,64,0
2284,58,Female,42.1,66,2
2285,18,Female,49.6,67,2
2286,22,Female,58.4,74,2
2287,37,Male,69.9,65,0
2288,25,Male,66.6,40,4
2289,60,Male,92.1,48,3
2290,29,Male,15.0,52,2
2291,18,Female,15.0,53,2
2292,37,Female,47.6,75,2
2293,45,Male,87.4,66,0
2294,60,Female,20.9,100,2
2295,54,Female,15.0,100,2
2296,64,Female,74.3,52,4
2297,29,Male,32.7,81,2
2298,54,Male,35.4,36,1
2299,66,Male,35.8,30,1
2300,66,Female,62.8,40,4
2301,61,Male,44.3,39,1
2302,45,Male,72.4,65,0
2303,64,Male,15.0,11,1
2304,32,Male,38.6,23,1
2305,23,Male,31.8,59,2
2306,61,Male,53.6,66,2
2307,37,Female,46.5,66,2
2308,67,Female,79.9,30,3
2309,31,Male,15.0,26,1
2310,19,Male,61.1,37,4
2311,26,Female,74.0,56,4
2312,54,Female,106.4,87,0
2313,37,Male,48.0,1,1
2314,43,Male,68.1,44,4
2315,46,Male,15.0,17,1
2316,18,Male,15.0,9,1
2317,52,Female,81.1,74,0
2318,23,Male,59.9,64,4
2319,54,Male,89.5,61,0
2320,70,Male,25.7,73,2
2321,22,Male,73.0,38,4
2322,50,Female,106.7,39,3
2323,66,Female,70.5,100,0
2324,68,Female,66.9,44,4
2325,31,Male,60.2,68,4
2326,29,Male,20.7,50,2
2327,59,Female,93.9,4,3
2328,37,Male,44.7,1,1
2329,70,Male,72.6,36,4
2330,67,Female,20.9,76,2
2331,41,Female,30.5,70,2
2332,60,Female,95.9,73,0
2333,51,Female,51.3,25,1
2334,42,Male,96.3,90,0
2335,67,Male,58.0,26,1
2336,46,Female,15.0,55,2
2337,56,Male,82.3,50,4
2338,48,Female,45.3,46,4
2339,64,Female,77.5,83,0
2340,60,Male,60.6,32,4
2341,67,Female,21.4,16,1
2342,40,Male,64.1,50,4
2343,61,Male,114.9,40,3
2344,55,Male,72.3,100,0
2345,37,Male,58.6,67,4
2346,40,Female,86.9,40,3
2347,62,Male,65.3,24,3
2348,69,Female,65.2,3,3
2349,33,Female,32.7,24,1
2350,67,Female,65.8,53,4
2351,59,Female,85.9,86,0
2352,25,Male,39.1,78,2
2353,67,Male,95.6,56,0
2354,38,Female,57.7,42,4
2355,18,Female,37.8,57,2
2356,25,Male,84.9,37,3
2357,46,Female,52.8,93,2
2358,49,Male,79.0,45,4
2359,55,Female,52.7,48,4
2360,22,Male,58.5,1,1
2361,64,Female,72.3,45,4
2362,39,Female,67.3,71,0
2363,64,Male,15.0,23,1
2364,51,Female,32.0,31,1
2365,18,Female,83.2,70,0
2366,43,Male,56.7,13,1
2367,60,Female,46.9,76,2
2368,27,Male,26.0,37,1
2369,47,Male,33.0,40,1
2370,67,Female,15.0,22,1
2371,35,Female,57.5,59,4
2372,34,Female,45.0,100,2
2373,43,Female,35.8,70,2
2374,25,Female,58.3,28,1
2375,64,Female,69.1,78,0
2376,57,Female,112.3,42,3
2377,66,Male,22.2,84,2
2378,29,Female,89.0,70,0
2379,44,Male,84.3,1,3
2380,25,Female,40.5,25,1
2381,42,Female,65.1,74,0
2382,63,Male,48.6,54,4
2383,21,Female,64.6,24,3
2384,50,Female,97.7,34,3
2385,18,Male,75.1,2,3
2386,36,Female,72.7,48,4
2387,48,Female,49.2,100,2
2388,33,Female,22.9,70,2
2389,31,Male,54.8,100,2
2390,70,Female,90.2,72,0
2391,65,Female,21.8,76,2
2392,22,Female,33.6,99,2
2393,58,Female,63.2,59,4
2394,43,Male,35.4,45,1
2395,45,Male,40.2,76,2
2396,19,Female,49.4,86,2
2397,67,Female,25.9,38,1
2398,23,Male,35.6,32,1
2399,26,Male,77.6,53,4
2400,50,Female,27.3,71,2
2401,58,Male,20.1,70,2
2402,42,Female,44.2,14,1
2403,65,Male,78.3,98,0
2404,30,Male,55.1,34,4
2405,26,Male,48.4,43,4
2406,70,Male,61.1,27,4
2407,30,Female,16.4,100,2
2408,48,Male,72.4,56,4
2409,58,Male,69.6,29,3
2410,28,Female,49.8,72,2
2411,21,Male,85.1,69,0
2412,51,Male,31.8,45,1
2413,55,Female,88.2,71,0
2414,63,Male,63.9,29,4
2415,21,Female,51.6,38,4
2416,55,Female,59.5,1,1
2417,36,Female,57.3,17,1
2418,23,Female,90.5,95,0
2419,51,Male,33.1,91,2
2420,35,Female,40.9,52,2
2421,30,Male,85.9,92,0
2422,58,Male,45.1,46,4
2423,40,Male,82.5,44,3
2424,36,Male,102.5,51,3
2425,62,Male,50.0,47,4
2426,28,Male,77.0,45,4
2427,18,Male,31.2,79,2
2428,41,Male,78.9,54,4
2429,24,Male,65.0,68,0
2430,42,Male,71.8,76,0
2431,38,Female,43.9,60,2
2432,32,Female,18.5,26,1
2433,18,Female,72.6,16,3
2434,29,Male,15.0,54,2
2435,24,Female,52.1,46,4
2436,32,Female,83.5,52,4
2437,38,Female,64.8,50,4
2438,36,Male,108.7,100,0
2439,46,Male,85.6,17,3
2440,42,Male,43.7,1,1
2441,50,Male,60.7,58,4
2442,66,Female,58.8,41,4
2443,49,Female,20.4,58,2
2444,66,Female,36.5,65,2
2445,52,Female,46.0,82,2
2446,61,Male,15.0,12,1
2447,55,Male,61.2,36,4
2448,43,Male,53.8,61,4
2449,28,Female,18.2,69,2
2450,52,Male,70.1,100,0
2451,25,Male,77.9,74,0
2452,63,Female,65.7,49,4
2453,31,Female,51.9,28,1
2454,27,Male,74.8,36,3
2455,19,Male,77.0,35,3
2456,63,Male,67.7,66,0
2457,26,Male,39.4,56,2
2458,20,Male,66.9,17,3
2459,38,Male,89.9,39,3
2460,43,Female,45.1,72,2
2461,25,Female,112.4,59,0
2462,65,Female,46.9,64,2
2463,19,Male,60.8,60,4
2464,23,Female,43.2,91,2
2465,45,Male,65.6,56,4
2466,70,Male,16.4,40,1
2467,46,Female,46.3,27,1
2468,43,Male,32.7,56,2
2469,42,Male,63.4,1,1
2470,29,Female,84.9,45,3
2471,22,Female,76.2,45,4
2472,51,Female,15.0,16,1
2473,65,Male,111.1,27,3
2474,54,Female,67.4,70,0
2475,32,Female,40.6,56,2
2476,61,Male,63.9,53,4
2477,53,Female,64.4,58,4
2478,32,Female,43.3,52,4
2479,60,Female,64.9,81,0
2480,65,Male,44.8,53,4
2481,40,Male,49.9,14,1
2482,23,Male,42.8,91,2
2483,63,Male,24.2,59,2
2484,67,Female,63.6,35,4
2485,61,Male,74.6,19,3
2486,60,Male,72.9,60,4
2487,62,Female,80.5,47,4
2488,38,Female,68.1,89,0
2489,40,Female,46.7,41,4
2490,60,Male,81.0,29,3
2491,33,Male,26.1,72,2
2492,64,Male,37.5,73,2
2493,70,Female,35.9,54,2
2494,32,Female,87.0,67,0
2495,42,Male,83.6,49,4
2496,53,Female,72.2,56,4
2497,28,Female,86.8,79,0
2498,68,Female,38.0,66,2
2499,32,Male,68.7,46,4
2500,21,Female,56.9,84,2
2501,38,Female,81.2,1,3
2502,30,Male,57.1,100,0
2503,39,Male,50.4,7,1
2504,36,Female,73.5,34,3
2505,51,Female,81.9,49,4
2506,31,Male,43.3,46,4
2507,21,Male,58.5,75,0
2508,65,Female,33.5,24,1
2509,70,Female,15.0,57,2
2510,69,Female,65.0,36,4
2511,63,Female,75.2,57,4
2512,44,Male,66.6,48,4
2513,46,Female,15.0,52,2
2514,64,Female,51.2,36,4
2515,45,Male,15.0,37,1
2516,52,Female,94.2,57,0
2517,25,Male,32.8,74,2
2518,33,Female,91.4,35,3
2519,59,Female,83.6,28,3
2520,53,Male,37.5,65,2
2521,47,Male,31.7,49,2
2522,35,Female,68.8,71,0
2523,19,Female,38.9,27,1
2524,66,Female,62.6,6,1
2525,30,Male,47.9,37,1
2526,21,Female,15.5,31,1
2527,43,Male,15.0,48,2
2528,42,Male,65.7,34,4
2529,47,Female,46.0,69,2
2530,28,Male,46.2,43,4
2531,24,Female,77.4,54,4
2532,48,Female,89.3,54,0
2533,61,Female,53.2,55,4
2534,27,Female,51.5,49,4
2535,56,Female,72.5,63,0
2536,30,Male,26.1,30,1
2537,48,Male,65.6,85,0
2538,24,Female,73.8,44,4
2539,66,Female,77.0,17,3
2540,59,Male,15.0,55,2
2541,59,Male,41.0,29,1
2542,53,Male,38.0,67,2
2543,37,Male,62.5,100,0
2544,21,Female,72.0,30,3
2545,24,Female,97.4,58,0
2546,18,Male,47.6,6,1
2547,61,Female,47.6,61,2
2548,62,Male,88.7,28,3
2549,59,Female,67.4,34,4
2550,64,Male,91.7,22,3
2551,30,Female,67.2,68,0
2552,39,Male,31.1,75,2
2553,38,Male,26.7,51,2
2554,39,Female,21.2,28,1
2555,45,Male,76.6,90,0
2556,26,Female,89.7,31,3
2557,43,Female,106.2,1,3
2558,26,Male,81.1,61,0
2559,32,Female,89.1,22,3
2560,27,Female,45.5,75,2
2561,41,Female,31.1,40,1
2562,59,Female,81.3,65,0
2563,25,Female,70.4,85,0
2564,41,Male,62.7,20,1
2565,33,Female,69.7,36,4
2566,66,Female,68.1,48,4
2567,43,Female,92.1,88,0
2568,44,Female,92.4,34,3
2569,54,Female,73.6,35,3
2570,21,Male,81.1,62,0
2571,67,Female,72.9,36,4
2572,41,Male,48.5,54,4
2573,36,Male,78.9,11,3
2574,53,Male,25.1,100,2
2575,56,Male,86.3,16,3
2576,27,Female,30.1,42,1
2577,42,Male,67.1,49,4
2578,35,Male,38.9,98,2
2579,36,Female,73.8,17,3
2580,53,Female,59.2,100,0
2581,27,Female,20.1,69,2
2582,50,Male,70.5,60,4
2583,67,Female,45.6,25,1
2584,22,Female,82.0,64,0
2585,64,Male,60.0,32,4
2586,66,Female,69.9,82,0
2587,52,Female,36.1,26,1
2588,61,Female,45.3,47,4
2589,51,Female,48.5,36,1
2590,50,Male,81.4,25,3
2591,38,Female,101.9,69,0
2592,34,Female,39.9,63,2
2593,39,Male,86.9,80,0
2594,65,Female,15.0,6,1
2595,54,Male,30.1,77,2
2596,32,Female,36.0,100,2
2597,52,Male,26.2,39,1
2598,45,Male,20.4,97,2
2599,24,Male,70.3,43,4
2600,49,Male,54.6,16,1
2601,28,Female,69.5,42,4
2602,27,Male,77.3,76,0
2603,26,Female,66.6,29,4
2604,31,Male,76.4,35,3
2605,30,Male,58.3,65,4
2606,42,Male,30.3,50,2
2607,19,Female,86.4,65,0
2608,52,Male,45.3,56,2
2609,24,Female,36.6,62,2
2610,38,Female,55.6,39,4
2611,35,Female,37.2,56,2
2612,20,Female,49.6,27,1
2613,59,Female,68.6,82,0
2614,56,Female,68.7,34,4
2615,58,Female,37.6,78,2
2616,66,Female,47.8,44,4
2617,28,Female,86.9,55,0
2618,56,Male,72.4,38,4
2619,41,Male,111.9,25,3
2620,63,Male,89.5,6,3
2621,36,Male,88.6,24,3
2622,21,Male,25.3,42,1
2623,43,Female,79.1,55,4
2624,55,Female,58.7,75,0
2625,59,Female,46.2,39,1
2626,49,Female,64.2,28,4
2627,56,Female,83.6,14,3
2628,62,Female,72.5,62,0
2629,63,Female,38.0,85,2
2630,53,Male,78.6,82,0
2631,57,Male,44.1,68,2
2632,54,Male,65.4,66,0
2633,50,Male,52.4,92,2
2634,53,Female,54.5,58,4
2635,20,Female,79.2,66,0
2636,26,Female,34.0,42,1
2637,25,Male,108.6,16,3
2638,50,Female,15.0,33,1
2639,23,Female,45.1,50,4
2640,58,Female,69.3,52,4
2641,56,Male,74.6,98,0
2642,21,Female,57.5,52,4
2643,30,Male,58.6,79,0
2644,66,Male,70.3,39,4
2645,19,Male,54.2,42,4
2646,22,Male,94.8,17,3
2647,61,Female,81.0,31,3
2648,44,Male,81.8,63,0
2649,49,Male,35.8,50,2
2650,38,Female,58.0,74,2
2651,25,Female,52.5,55,4
2652,55,Male,34.9,41,1
2653,25,Female,69.0,100,0
2654,67,Male,46.6,48,4
2655,20,Male,76.4,79,0
2656,61,Male,33.2,40,1
2657,20,Male,103.0,68,0
2658,39,Female,37.6,73,2
2659,23,Male,65.5,55,4
2660,19,Female,79.8,1,3
2661,40,Female,45.7,50,4
2662,61,Female,81.3,81,0
2663,19,Female,29.3,63,2
2664,55,Male,96.3,61,0
2665,34,Female,60.4,7,1
2666,52,Male,45.1,32,1
2667,51,Female,52.5,60,4
2668,40,Female,80.2,60,0
2669,47,Male,45.4,80,2
2670,69,Male,41.3,46,4
2671,25,Male,54.5,60,4
2672,39,Female,30.6,50,2
2673,61,Female,105.5,25,3
2674,53,Male,45.8,1,1
2675,22,Male,80.8,61,0
2676,30,Male,65.2,54,4
2677,46,Male,35.4,35,1
2678,48,Female,59.9,10,1
2679,64,Male,79.6,66,0
2680,33,Male,55.3,43,4
2681,59,Male,89.8,64,0
2682,47,Male,85.5,97,0
2683,33,Female,83.0,1,3
2684,29,Male,48.5,33,1
2685,34,Female,33.0,45,1
2686,33,Male,44.7,86,2
2687,29,Male,64.9,9,3
2688,25,Female,73.6,98,0
2689,37,Male,15.0,53,2
2690,20,Female,59.8,48,4
2691,33,Female,64.0,45,4
2692,47,Male,53.1,39,4
2693,62,Female,92.3,76,0
2694,40,Female,70.5,23,3
2695,45,Female,92.8,59,0
2696,68,Female,54.6,40,4
2697,57,Female,83.4,31,3
2698,22,Female,100.9,100,0
2699,37,Female,92.8,60,0
2700,57,Female,32.7,65,2
2701,61,Male,53.7,78,2
2702,18,Male,51.4,14,1
2703,47,Female,72.2,94,0
2704,38,Male,77.2,1,3
2705,37,Female,39.0,31,1
2706,23,Female,61.7,39,4
2707,39,Male,15.0,65,2
2708,35,Female,96.0,55,0
2709,25,Female,47.2,46,4
2710,56,Female,61.4,50,4
2711,49,Female,52.3,26,1
2712,50,Male,88.7,13,3
2713,70,Female,15.0,68,2
2714,33,Female,59.6,67,4
2715,29,Female,57.4,90,0
2716,55,Male,48.7,30,1
2717,69,Female,103.2,67,0
2718,51,Male,37.8,43,1
2719,31,Male,79.3,80,0
2720,53,Female,68.9,76,0
2721,50,Female,91.5,55,0
2722,40,Male,43.3,42,1
2723,67,Female,41.7,74,2
2724,62,Male,87.4,66,0
2725,19,Male,70.6,33,4
2726,58,Female,21.4,17,1
2727,38,Female,46.5,43,4
2728,19,Male,69.7,88,0
2729,44,Male,80.9,79,0
2730,26,Male,43.0,22,1
2731,18,Male,15.0,21,1
2732,28,Female,73.1,82,0
2733,20,Female,29.5,22,1
2734,69,Female,15.0,63,2
2735,40,Female,15.0,35,1
2736,43,Female,80.3,90,0
2737,21,Male,63.2,31,4
2738,35,Female,54.4,79,2
2739,23,Female,94.7,55,0
2740,52,Female,75.9,56,4
2741,39,Female,100.4,1,3
2742,60,Female,25.2,1,1
2743,32,Male,59.1,44,4
2744,39,Male,19.6,56,2
2745,54,Male,54.3,22,1
2746,69,Female,53.8,23,1
2747,59,Male,75.7,64,0
2748,29,Male,61.1,64,4
2749,64,Female,75.6,47,4
2750,66,Female,77.6,70,0
2751,59,Female,113.9,21,3
2752,55,Male,52.1,41,4
2753,35,Male,36.5,91,2
2754,62,Female,66.2,52,4
2755,52,Female,39.9,53,2
2756,47,Male,97.0,100,0
2757,41,Male,52.9,15,1
2758,59,Female,45.9,70,2
2759,47,Female,48.2,92,2
2760,31,Male,78.0,42,4
2761,23,Female,56.1,71,2
2762,20,Male,44.0,25,1
2763,33,Male,101.6,33,3
2764,24,Male,38.6,60,2
2765,69,Male,60.9,70,0
2766,31,Female,76.3,78,0
2767,26,Female,19.2,89,2
2768,32,Male,72.0,48,4
2769,38,Male,33.6,80,2
2770,52,Male,80.6,41,3
2771,19,Male,35.9,73,2
2772,44,Male,77.3,55,4
2773,19,Female,87.6,61,0
2774,52,Female,81.5,61,0
2775,35,Female,66.3,10,3
2776,31,Female,54.2,22,1
2777,37,Male,45.6,53,4
2778,35,Male,96.8,8,3
2779,27,Male,42.5,71,2
2780,42,Male,34.1,72,2
2781,19,Male,76.6,58,0
2782,42,Female,40.1,22,1
2783,50,Male,36.2,85,2
2784,53,Female,23.9,100,2
2785,48,Female,47.9,54,4
2786,31,Female,57.9,63,4
2787,18,Female,66.1,55,4
2788,63,Male,83.8,63,0
2789,33,Female,73.2,47,4
2790,63,Female,55.2,49,4
2791,69,Female,55.0,73,2
2792,20,Male,72.8,100,0
2793,52,Male,91.8,15,3
2794,58,Male,63.2,47,4
2795,23,Female,48.3,20,1
2796,42,Female,35.2,90,2
2797,30,Male,23.9,35,1
2798,70,Female,76.7,14,3
2799,51,Male,74.4,66,0
2800,25,Male,74.4,94,0
2801,38,Female,56.8,67,4
2802,51,Female,95.2,55,0
2803,21,Female,47.9,60,2
2804,42,Female,83.9,85,0
2805,32,Male,59.0,28,4
2806,21,Male,44.8,47,4
2807,62,Male,74.8,39,4
2808,29,Male,70.2,21,3
2809,49,Male,68.9,42,4
2810,49,Female,62.0,78,0
2811,45,Male,59.1,64,4
2812,30,Male,119.7,66,0
2813,48,Male,89.6,54,0
2814,31,Female,78.1,63,0
2815,37,Female,62.8,30,4
2816,35,Female,85.2,42,3
2817,46,Female,72.9,55,4
2818,23,Male,60.7,57,4
2819,49,Male,52.4,58,4
2820,46,Female,58.0,47,4
2821,60,Female,15.0,41,1
2822,19,Male,65.3,100,0
2823,40,Male,47.8,73,2
2824,36,Female,99.8,60,0
2825,48,Female,60.5,44,4
2826,68,Female,30.3,39,1
2827,22,Female,58.8,47,4
2828,36,Male,33.8,57,2
2829,51,Male,71.8,3,3
2830,27,Male,67.3,11,3
2831,42,Female,83.9,34,3
2832,19,Female,40.2,55,2
2833,28,Male,60.9,44,4
2834,67,Male,25.9,87,2
2835,48,Male,77.5,13,3
2836,32,Male,73.0,31,3
2837,26,Female,72.4,88,0
2838,40,Male,60.0,53,4
2839,36,Male,70.4,72,0
2840,26,Male,100.1,100,0
2841,52,Male,52.9,33,1
2842,38,Male,63.5,48,4
2843,26,Male,32.8,43,1
2844,45,Male,38.3,1,1
2845,63,Female,62.4,42,4
2846,68,Female,87.6,72,0
2847,24,Female,53.6,64,4
2848,33,Female,54.1,65,4
2849,33,Male,49.8,41,4
2850,50,Female,46.6,34,1
2851,21,Female,67.4,82,0
2852,21,Male,22.6,38,1
2853,56,Male,92.0,57,0
2854,57,Female,43.4,54,2
2855,34,Female,78.0,87,0
2856,54,Male,28.3,74,2
2857,56,Female,76.7,18,3
2858,69,Male,76.8,20,3
2859,46,Male,69.6,64,0
2860,69,Male,35.1,48,2
2861,53,Male,66.2,39,4
2862,55,Female,30.4,75,2
2863,56,Male,53.7,55,4
2864,67,Male,85.7,51,3
2865,54,Female,79.9,69,0
2866,69,Male,60.4,41,4
2867,52,Female,35.6,89,2
2868,24,Female,76.1,30,3
2869,44,Female,60.5,66,4
2870,45,Male,15.0,86,2
2871,39,Female,79.6,16,3
2872,31,Female,59.4,41,4
2873,24,Male,90.1,79,0
2874,54,Female,32.6,79,2
2875,39,Female,15.0,46,1
2876,22,Female,67.0,32,4
2877,19,Female,67.3,74,0
2878,44,Female,17.7,80,2
2879,38,Male,35.5,21,1
2880,55,Female,128.9,20,3
2881,32,Female,52.4,56,4
2882,38,Male,78.3,66,0
2883,27,Male,43.7,43,4
2884,40,Male,15.0,67,2
2885,56,Female,55.7,32,4
2886,22,Male,53.4,1,1
2887,18,Female,50.0,39,4
2888,30,Female,57.1,52,4
2889,38,Male,66.6,43,4
2890,43,Male,56.2,21,1
2891,67,Female,28.4,5,1
2892,62,Male,72.2,37,4
2893,38,Female,15.0,72,2
2894,70,Male,15.0,81,2
2895,35,Male,78.5,80,0
2896,54,Male,72.7,30,3
2897,62,Female,58.6,21,1
2898,49,Male,25.1,62,2
2899,53,Female,42.3,66,2
2900,34,Female,53.4,60,4
2901,52,Female,20.1,1,1
2902,66,Female,41.5,28,1
2903,28,Male,76.3,49,4
2904,38,Female,95.7,62,0
2905,69,Female,49.5,69,2
2906,70,Male,78.9,54,4
2907,43,Female,15.0,58,2
2908,21,Male,76.5,52,4
2909,51,Female,39.9,67,2
2910,69,Male,67.7,58,4
2911,65,Female,53.8,52,4
2912,35,Male,93.0,43,3
2913,57,Female,38.1,52,2
2914,52,Female,75.7,62,0
2915,58,Male,53.0,57,4
2916,46,Male,56.0,60,4
2917,69,Male,55.4,84,2
2918,46,Male,38.9,57,2
2919,55,Female,59.6,34,4
2920,59,Female,58.4,72,2
2921,38,Male,66.0,16,3
2922,59,Female,62.1,23,1
2923,30,Male,79.9,58,0
2924,66,Male,83.1,63,0
2925,58,Female,33.7,19,1
2926,34,Female,81.7,40,3
2927,26,Female,30.3,35,1
2928,58,Female,74.7,38,4
2929,18,Female,75.5,74,0
2930,19,Female,15.0,68,2
2931,65,Female,62.3,50,4
2932,46,Male,48.3,36,1
2933,50,Male,41.0,16,1
2934,27,Male,93.8,86,0
2935,67,Male,43.7,65,2
2936,57,Male,39.8,32,1
2937,38,Female,61.9,68,4
2938,45,Male,77.1,48,4
2939,28,Male,56.5,43,4
2940,51,Male,89.2,61,0
2941,25,Male,73.3,31,3
2942,39,Male,15.0,41,1
2943,25,Male,46.8,53,4
2944,66,Male,46.0,38,1
2945,32,Female,72.0,67,0
2946,34,Female,15.0,97,2
2947,40,Male,123.7,31,3
2948,41,Female,73.3,8,3
2949,62,Female,63.7,1,1
2950,36,Female,89.5,46,3
2951,22,Female,118.6,33,3
2952,49,Male,81.8,55,0
2953,61,Female,83.7,53,0
2954,18,Female,63.3,10,1
2955,40,Female,56.5,5,1
2956,54,Male,48.1,57,4
2957,25,Male,39.3,53,2
2958,30,Male,42.8,39,1
2959,25,Male,26.2,9,1
2960,40,Male,58.1,62,4
2961,60,Male,17.9,82,2
2962,18,Male,64.8,57,4
2963,62,Female,59.1,29,4
2964,68,Female,63.7,51,4
2965,41,Female,46.9,16,1
2966,52,Male,136.9,76,0
2967,41,Male,94.0,52,3
2968,34,Male,28.9,6,1
2969,22,Male,65.8,42,4
2970,37,Male,44.8,62,2
2971,38,Female,34.6,42,1
2972,57,Female,26.5,43,1
2973,48,Male,70.8,19,3
2974,63,Male,43.0,64,2
2975,53,Male,84.2,34,3
2976,28,Male,84.8,1,3
2977,69,Female,94.3,41,3
2978,32,Male,38.7,75,2
2979,36,Male,71.9,40,4
2980,24,Male,75.8,93,0
2981,68,Male,48.1,61,2
2982,45,Female,40.7,58,2
2983,68,Male,100.2,47,3
2984,60,Male,65.7,48,4
2985,22,Female,75.9,43,4
2986,22,Female,39.4,42,1
2987,47,Female,29.5,63,2
2988,49,Male,45.8,27,1
2989,25,Male,56.9,23,1
2990,27,Female,33.4,22,1
2991,55,Female,59.8,100,0
2992,64,Female,17.8,63,2
2993,49,Female,32.0,58,2
2994,65,Female,76.8,24,3
2995,45,Female,75.1,66,0
2996,34,Male,50.2,47,4
2997,48,Male,34.6,55,2
2998,25,Male,34.3,26,1
2999,57,Female,50.7,54,4
3000,42,Female,76.1,39,3
3001,26,Female,83.2,31,3
3002,19,Female,47.6,68,2
3003,32,Female,31.2,12,1
3004,67,Female,66.7,64,4
3005,20,Male,39.4,67,2
3006,66,Male,47.0,28,1
3007,53,Female,93.1,29,3
3008,21,Male,80.7,44,3
3009,31,Female,63.9,57,4
3010,58,Male,28.2,46,1
3011,58,Female,65.3,61,4
3012,42,Female,86.6,94,0
3013,67,Male,50.6,37,4
3014,27,Male,93.8,7,3
3015,38,Female,92.3,71,0
3016,53,Female,101.6,92,0
3017,29,Male,67.6,60,4
3018,44,Male,74.7,23,3
3019,57,Female,95.4,47,3
3020,19,Male,71.2,22,3
3021,30,Female,47.5,66,2
3022,70,Female,48.8,16,1
3023,49,Female,66.0,42,4
3024,48,Female,27.7,25,1
3025,33,Male,56.4,53,4
3026,49,Male,87.4,41,3
3027,49,Male,15.0,54,2
3028,51,Male,98.4,51,3
3029,28,Male,88.1,25,3
3030,27,Male,48.5,66,2
3031,32,Male,73.6,49,4
3032,34,Female,60.1,25,1
3033,57,Male,90.7,100,0
3034,35,Male,84.6,62,0
3035,26,Female,25.0,46,1
3036,42,Male,74.7,85,0
3037,57,Male,54.9,96,2
3038,31,Female,62.1,46,4
3039,42,Male,41.8,59,2
3040,67,Male,103.7,25,3
3041,39,Male,86.0,46,3
3042,69,Female,41.5,45,4
3043,47,Male,26.6,55,2
3044,37,Male,50.4,58,4
3045,38,Female,70.9,64,0
3046,61,Male,66.0,56,4
3047,49,Female,91.3,20,3
3048,68,Female,79.7,27,3
3049,63,Male,84.2,36,3
3050,66,Female,68.2,43,4
3051,38,Female,25.3,76,2
3052,52,Male,55.1,21,1
3053,49,Female,86.5,41,3
3054,47,Female,58.7,74,0
3055,56,Male,72.6,43,4
3056,66,Male,52.0,62,4
3057,29,Male,34.3,47,1
3058,58,Female,56.9,56,4
3059,64,Male,67.7,44,4
3060,35,Female,43.6,67,2
3061,38,Female,54.1,11,1
3062,30,Female,36.5,41,1
3063,38,Female,88.0,57,0
3064,25,Female,52.6,63,4
3065,63,Female,96.3,87,0
3066,57,Female,98.2,40,3
3067,63,Male,58.0,87,0
3068,24,Male,34.8,34,1
3069,40,Female,15.0,83,2
3070,61,Female,23.2,70,2
3071,49,Male,25.7,27,1
3072,28,Female,94.5,58,0
3073,39,Male,62.9,49,4
3074,39,Male,69.7,66,0
3075,60,Male,15.0,44,1
3076,42,Female,30.1,42,1
3077,39,Female,82.2,84,0
3078,45,Male,67.2,48,4
3079,46,Male,56.3,71,2
3080,30,Male,74.1,44,4
3081,35,Male,100.9,92,0
3082,19,Male,54.5,33,4
3083,46,Female,61.7,35,4
3084,38,Male,64.8,88,0
3085,32,Female,119.8,39,3
3086,69,Male,15.0,90,2
3087,44,Female,77.1,72,0
3088,67,Female,57.1,46,4
3089,48,Female,74.2,5,3
3090,32,Female,43.6,50,4
3091,68,Female,58.8,53,4
3092,40,Female,77.8,79,0
3093,41,Male,137.8,90,0
3094,61,Female,80.2,33,3
3095,30,Male,38.8,70,2
3096,39,Female,49.4,69,2
3097,60,Female,48.7,77,2
3098,54,Male,15.1,62,2
3099,50,Female,51.7,1,1
3100,20,Male,78.3,46,4
3101,36,Male,28.1,21,1
3102,40,Male,86.2,45,3
3103,46,Male,72.2,75,0
3104,47,Female,41.6,58,2
3105,56,Female,56.5,79,2
3106,61,Male,100.0,59,0
3107,64,Female,78.3,18,3
3108,42,Female,60.2,1,1
3109,54,Male,54.1,54,4
3110,64,Female,61.9,45,4
3111,25,Male,47.2,26,1
3112,59,Male,15.0,7,1
3113,33,Female,111.1,32,3
3114,25,Female,63.9,45,4
3115,18,Female,70.0,67,0
3116,61,Male,58.6,55,4
3117,22,Male,41.6,90,2
3118,20,Female,55.4,24,1
3119,18,Female,20.0,72,2
3120,21,Female,116.9,51,3
3121,57,Female,29.1,67,2
3122,52,Male,34.2,39,1
3123,49,Female,49.0,77,2
3124,59,Male,92.2,57,0
3125,51,Male,60.4,33,4
3126,60,Female,29.1,50,2
3127,42,Female,91.4,44,3
3128,27,Female,78.3,62,0
3129,38,Male,73.5,21,3
3130,63,Female,77.9,49,4
3131,56,Female,119.9,60,0
3132,44,Male,114.6,51,3
3133,44,Female,42.8,84,2
3134,19,Male,100.6,69,0
3135,58,Female,69.6,50,4
3136,65,Male,72.5,55,4
3137,30,Female,17.7,57,2
3138,26,Female,55.7,60,4
3139,69,Male,39.7,4,1
3140,53,Male,80.7,42,3
3141,39,Female,86.8,13,3
3142,59,Male,15.0,82,2
3143,43,Male,59.4,48,4
3144,29,Male,88.0,45,3
3145,34,Male,55.3,72,2
3146,31,Female,78.2,61,0
3147,31,Female,68.8,22,3
3148,51,Male,68.5,48,4
3149,70,Male,53.2,42,4
3150,37,Male,29.6,6,1
3151,28,Male,32.0,33,1
3152,33,Female,77.7,45,4
3153,68,Female,60.5,47,4
3154,48,Male,56.5,13,1
3155,23,Male,49.4,79,2
3156,36,Male,52.4,47,4
3157,54,Female,86.2,51,3
3158,21,Male,51.6,60,4
3159,64,Female,26.5,30,1
3160,21,Male,78.6,61,0
3161,37,Female,54.9,41,4
3162,27,Male,60.8,28,4
3163,41,Female,100.2,64,0
3164,52,Male,59.5,87,0
3165,43,Male,67.2,68,0
3166,54,Male,30.5,73,2
3167,55,Female,54.5,37,4
3168,38,Male,75.2,10,3
3169,57,Female,21.1,87,2
3170,56,Female,65.0,100,0
3171,38,Male,62.5,89,0
3172,27,Male,61.0,42,4
3173,55,Male,85.9,21,3
3174,63,Female,68.4,23,3
3175,21,Male,97.0,8,3
3176,62,Female,35.2,47,1
3177,37,Female,63.4,90,0
3178,34,Male,62.1,46,4
3179,24,Male,33.3,58,2
3180,21,Male,83.9,84,0
3181,46,Male,118.1,40,3
3182,31,Male,59.6,100,0
3183,20,Male,72.6,100,0
3184,41,Female,62.1,47,4
3185,54,Female,42.2,36,1
3186,33,Female,15.0,67,2
3187,69,Male,42.4,41,1
3188,21,Female,25.2,21,1
3189,41,Female,102.6,82,0
3190,51,Female,57.1,80,2
3191,47,Female,51.4,54,4
3192,35,Female,82.2,18,3
3193,36,Male,32.0,19,1
3194,48,Male,40.8,53,2
3195,36,Female,61.7,38,4
3196,66,Female,85.7,41,3
3197,63,Female,72.5,76,0
3198,36,Male,66.2,68,0
3199,39,Male,62.0,84,0
3200,41,Female,70.0,25,3
3201,62,Male,65.0,41,4
3202,29,Male,34.3,69,2
3203,47,Female,61.2,61,4
3204,55,Male,33.2,88,2
3205,70,Male,62.0,61,4
3206,48,Female,48.0,96,2
3207,53,Male,123.5,64,0
3208,36,Male,59.0,77,0
3209,65,Female,24.9,42,1
3210,62,Male,56.6,50,4
3211,53,Male,73.0,73,0
3212,47,Female,101.8,90,0
3213,66,Female,45.3,68,2
3214,50,Female,20.4,48,2
3215,35,Male,80.4,84,0
3216,69,Female,25.5,1,1
3217,66,Male,49.1,14,1
3218,45,Female,53.6,67,2
3219,64,Male,58.3,50,4
3220,28,Female,77.2,65,0
3221,62,Female,42.9,52,4
3222,50,Female,53.2,64,4
3223,34,Female,59.6,30,4
3224,23,Male,63.7,64,4
3225,21,Female,62.4,75,0
3226,37,Female,70.9,81,0
3227,65,Male,81.1,100,0
3228,64,Female,69.8,56,4
3229,44,Male,71.3,57,4
3230,32,Female,20.4,12,1
3231,23,Female,61.3,37,4
3232,64,Female,72.0,45,4
3233,31,Male,78.2,76,0
3234,28,Female,42.7,35,1
3235,56,Female,43.5,70,2
3236,26,Female,45.6,50,4
3237,43,Male,73.4,46,4
3238,33,Male,85.8,56,0
3239,22,Female,49.8,40,4
3240,69,Male,82.7,39,3
3241,27,Female,63.1,7,1
3242,67,Female,56.9,44,4
3243,20,Female,54.7,38,4
3244,30,Female,78.7,37,3
3245,60,Female,68.1,60,4
3246,66,Female,116.9,66,0
3247,47,Female,38.7,56,2
3248,62,Male,73.0,75,0
3249,23,Male,46.8,64,2
3250,34,Male,38.3,43,1
3251,62,Male,59.7,38,4
3252,68,Male,63.4,58,4
3253,70,Male,133.0,64,0
3254,36,Male,55.4,85,2
3255,59,Female,31.7,80,2
3256,52,Female,66.8,36,4
3257,63,Female,15.0,47,2
3258,43,Female,57.7,67,4
3259,68,Male,60.4,77,0
3260,22,Male,79.9,73,0
3261,46,Female,84.3,48,3
3262,54,Female,47.4,19,1
3263,37,Male,56.2,25,1
3264,66,Female,40.8,57,2
3265,38,Female,31.8,59,2
3266,27,Female,67.7,23,3
3267,22,Female,28.2,51,2
3268,53,Male,49.6,66,2
3269,23,Female,35.1,21,1
3270,43,Female,73.7,78,0
3271,21,Male,105.0,41,3
3272,56,Male,27.5,81,2
3273,56,Female,15.0,37,1
3274,67,Male,56.9,24,1
3275,52,Female,60.4,39,4
3276,18,Female,65.5,48,4
3277,41,Male,48.8,40,4
3278,53,Female,55.0,45,4
3279,23,Female,69.2,58,4
3280,58,Female,86.0,46,3
3281,63,Female,15.0,48,2
3282,61,Male,50.8,7,1
3283,48,Male,65.3,60,4
3284,37,Female,37.1,48,2
3285,41,Male,103.3,90,0
3286,42,Female,44.1,27,1
3287,53,Female,59.0,5,1
3288,38,Female,73.9,65,0
3289,47,Female,45.2,59,2
3290,41,Female,15.0,25,1
3291,61,Male,49.3,12,1
3292,59,Female,85.7,88,0
3293,47,Male,51.6,85,2
3294,39,Male,38.8,1,1
3295,45,Female,83.1,39,3
3296,24,Female,51.7,92,2
3297,52,Female,47.2,38,1
3298,45,Female,63.7,38,4
3299,31,Female,79.3,43,3
3300,27,Male,119.5,22,3
3301,33,Female,80.7,7,3
3302,33,Female,89.0,76,0
3303,48,Male,47.4,4,1
3304,59,Male,34.4,56,2
3305,42,Female,61.6,72,0
3306,30,Male,62.7,14,1
3307,23,Female,33.0,27,1
3308,61,Male,55.6,80,2
3309,26,Male,70.0,63,0
3310,62,Female,69.0,35,4
3311,53,Male,72.6,80,0
3312,60,Male,67.3,80,0
3313,37,Male,47.3,57,4
3314,35,Male,47.2,27,1
3315,60,Male,30.0,40,1
3316,38,Male,104.6,57,0
3317,21,Female,60.3,45,4
3318,67,Female,54.4,73,2
3319,50,Male,36.8,12,1
3320,44,Female,133.4,13,3
3321,24,Female,33.2,55,2
3322,23,Female,49.3,38,4
3323,32,Male,70.4,34,4
3324,35,Female,75.0,6,3
3325,49,Male,83.9,50,4
3326,28,Female,105.2,49,3
3327,37,Male,72.7,66,0
3328,41,Male,33.6,52,2
3329,32,Female,53.6,47,4
3330,65,Female,67.7,79,0
3331,24,Male,111.7,17,3
3332,38,Female,25.1,63,2
3333,59,Female,90.1,8,3
3334,43,Female,64.5,29,4
3335,61,Male,80.9,20,3
3336,31,Male,57.5,70,2
3337,54,Female,38.9,48,4
3338,38,Female,78.8,50,4
3339,35,Female,76.4,22,3
3340,22,Male,84.3,43,3
3341,20,Male,59.7,31,4
3342,40,Female,45.0,60,2
3343,43,Female,21.0,25,1
3344,54,Female,80.5,83,0
3345,41,Female,70.6,8,3
3346,66,Female,35.9,30,1
3347,36,Female,46.5,92,2
3348,68,Male,48.3,39,4
3349,42,Female,22.9,17,1
3350,38,Male,39.6,55,2
3351,29,Female,31.7,38,1
3352,58,Female,49.7,29,1
3353,50,Male,41.5,23,1
3354,67,Male,19.3,100,2
3355,70,Male,110.6,44,3
3356,21,Male,91.3,2,3
3357,59,Female,40.5,87,2
3358,24,Male,66.8,65,0
3359,39,Female,70.4,31,3
3360,50,Male,89.8,27,3
3361,34,Female,39.5,67,2
3362,41,Female,87.3,44,3
3363,51,Female,46.3,2,1
3364,45,Female,26.6,95,2
3365,60,Female,78.1,39,3
3366,58,Female,92.3,87,0
3367,56,Male,124.7,82,0
3368,39,Female,30.0,25,1
3369,66,Male,77.5,76,0
3370,34,Male,49.8,34,1
3371,51,Female,79.6,3,3
3372,23,Male,23.2,39,1
3373,63,Female,28.4,60,2
3374,23,Male,40.6,38,1
3375,51,Female,62.0,42,4
3376,18,Male,44.0,79,2
3377,27,Female,76.5,53,4
3378,38,Female,85.7,29,3
3379,22,Female,75.0,68,0
3380,19,Female,100.5,55,0
3381,39,Male,70.4,1,3
3382,65,Female,29.6,61,2
3383,19,Male,94.1,60,0
3384,27,Male,44.9,51,4
3385,51,Male,82.8,72,0
3386,33,Female,99.3,33,3
3387,65,Male,71.4,58,4
3388,68,Male,22.6,11,1
3389,56,Male,37.0,60,2
3390,39,Female,93.1,99,0
3391,29,Female,55.8,25,1
3392,41,Male,62.0,31,4
3393,64,Female,79.0,32,3
3394,57,Female,77.4,53,4
3395,55,Male,67.0,23,3
3396,27,Male,54.8,61,4
3397,52,Female,52.2,71,2
3398,68,Male,81.4,63,0
3399,66,Female,73.8,6,3
3400,49,Female,53.6,75,2
3401,24,Female,87.1,73,0
3402,38,Female,56.8,71,2
3403,37,Female,38.7,59,2
3404,43,Female,41.0,56,2
3405,21,Male,35.5,76,2
3406,63,Male,53.2,98,2
3407,69,Female,90.8,26,3
3408,39,Female,39.9,77,2
3409,32,Female,64.7,48,4
3410,57,Male,43.6,47,4
3411,38,Female,53.5,12,1
3412,32,Male,22.2,43,1
3413,39,Female,54.5,25,1
3414,69,Female,55.2,38,4
3415,45,Male,73.5,23,3
3416,31,Male,65.6,39,4
3417,44,Female,30.0,40,1
3418,58,Female,87.1,52,0
3419,57,Female,65.3,10,3
3420,45,Male,65.0,14,3
3421,43,Male,59.8,59,4
3422,66,Male,47.1,30,1
3423,19,Male,65.4,77,0
3424,42,Male,71.9,56,4
3425,20,Male,16.3,65,2
3426,25,Female,46.5,85,2
3427,61,Female,53.6,42,4
3428,50,Male,66.4,36,4
3429,59,Female,89.8,72,0
3430,69,Female,40.7,63,2
3431,52,Male,47.6,45,4
3432,23,Female,47.2,85,2
3433,56,Male,40.0,45,1
3434,69,Male,51.3,51,4
3435,40,Female,79.3,51,4
3436,42,Male,33.7,27,1
3437,67,Male,70.7,52,4
3438,60,Male,17.5,85,2
3439,36,Male,46.0,61,2
3440,22,Male,51.8,51,4
3441,68,Male,101.9,46,3
3442,28,Male,53.1,58,4
3443,29,Male,15.0,69,2
3444,27,Female,15.0,65,2
3445,25,Female,60.9,42,4
3446,41,Female,75.3,58,4
3447,45,Male,69.4,62,4
3448,58,Male,64.2,25,4
3449,53,Female,89.1,54,0
3450,54,Female,46.5,1,1
3451,38,Female,82.4,62,0
3452,25,Male,19.2,67,2
3453,26,Female,37.4,69,2
3454,64,Female,15.0,40,1
3455,32,Male,53.1,58,4
3456,65,Female,58.8,86,0
3457,63,Male,62.9,85,0
3458,57,Male,61.5,49,4
3459,35,Male,36.8,53,2
3460,59,Female,55.2,78,2
3461,37,Female,22.6,12,1
3462,23,Male,94.1,42,3
3463,29,Female,52.4,83,2
3464,19,Female,47.8,74,2
3465,24,Female,99.7,59,0
3466,33,Female,28.9,12,1
3467,20,Male,31.9,49,2
3468,62,Female,32.6,35,1
3469,20,Male,58.3,58,4
3470,44,Male,70.8,30,3
3471,67,Female,78.5,24,3
3472,60,Male,124.3,1,3
3473,57,Female,15.0,81,2
3474,55,Female,75.2,40,4
3475,50,Male,46.1,54,4
3476,45,Male,45.3,50,4
3477,18,Male,44.5,23,1
3478,25,Male,37.3,19,1
3479,54,Female,102.1,25,3
3480,49,Female,81.1,32,3
3481,65,Female,60.6,59,4
3482,60,Male,93.8,30,3
3483,54,Male,22.2,94,2
3484,21,Male,26.7,76,2
3485,47,Female,15.0,70,2
3486,23,Male,42.5,47,4
3487,63,Female,64.0,88,0
3488,36,Male,62.6,45,4
3489,49,Female,63.7,49,4
3490,26,Female,24.7,54,2
3491,29,Male,80.1,68,0
3492,28,Male,66.0,66,0
3493,63,Female,78.3,38,3
3494,33,Female,15.0,37,1
3495,18,Male,67.8,66,0
3496,62,Male,30.3,68,2
3497,70,Female,50.1,40,4
3498,38,Male,73.4,10,3
3499,47,Female,62.3,45,4
3500,30,Female,38.7,66,2
3501,51,Male,60.2,95,0
3502,21,Male,21.7,20,1
3503,45,Male,88.8,39,3
3504,55,Male,54.9,40,4
3505,48,Male,88.0,84,0
3506,44,Female,46.8,49,4
3507,22,Female,46.9,27,1
3508,42,Male,40.9,64,2
3509,20,Male,81.9,40,3
3510,50,Male,42.3,19,1
3511,21,Female,76.1,28,3
3512,42,Male,50.4,93,2
3513,37,Male,15.0,60,2
3514,51,Female,45.7,53,4
3515,43,Female,30.5,44,1
3516,22,Male,60.8,57,4
3517,52,Male,30.2,57,2
3518,45,Male,83.1,57,0
3519,46,Female,57.7,53,4
3520,26,Male,55.6,72,2
3521,69,Male,76.4,51,4
3522,55,Male,84.1,26,3
3523,67,Female,59.5,35,4
3524,23,Female,40.7,1,1
3525,36,Male,15.7,100,2
3526,61,Male,42.8,72,2
3527,28,Female,44.6,29,1
3528,19,Female,62.7,43,4
3529,64,Female,51.4,34,1
3530,61,Female,77.2,89,0
3531,61,Female,44.7,15,1
3532,26,Female,58.6,53,4
3533,38,Female,89.6,47,3
3534,41,Female,68.5,71,0
3535,51,Female,58.5,47,4
3536,39,Male,45.0,6,1
3537,20,Male,44.2,44,4
3538,29,Male,38.7,26,1
3539,45,Female,46.5,52,4
3540,47,Male,78.9,86,0
3541,43,Female,54.5,7,1
3542,65,Female,26.3,30,1
3543,38,Male,104.2,36,3
3544,45,Female,68.0,40,4
3545,43,Male,24.8,69,2
3546,50,Male,49.0,46,4
3547,38,Male,62.8,60,4
3548,52,Female,102.6,34,3
3549,69,Male,32.3,56,2
3550,51,Female,84.4,69,0
3551,58,Male,95.0,32,3
3552,68,Male,44.3,70,2
3553,64,Male,53.1,51,4
3554,35,Female,34.1,76,2
3555,28,Female,54.9,45,4
3556,40,Female,59.1,60,4
3557,65,Male,76.5,49,4
3558,39,Male,87.3,48,3
3559,34,Female,41.3,56,2
3560,22,Female,15.0,63,2
3561,61,Female,59.5,19,1
3562,28,Female,67.3,86,0
3563,47,Female,66.2,4,3
3564,32,Female,51.8,33,1
3565,44,Male,63.1,48,4
3566,52,Female,97.9,60,0
3567,50,Male,69.5,89,0
3568,37,Male,50.7,4,1
3569,33,Female,47.5,37,1
3570,51,Female,55.8,1,1
3571,19,Male,100.9,51,3
3572,52,Female,55.4,57,4
3573,57,Female,59.5,90,0
3574,45,Male,47.9,53,4
3575,64,Male,87.5,76,0
3576,56,Male,109.0,65,0
3577,23,Female,71.3,39,4
3578,26,Male,62.1,15,1
3579,37,Female,60.9,57,4
3580,18,Male,15.0,13,1
3581,25,Male,78.6,82,0
3582,40,Male,63.4,46,4
3583,20,Female,70.7,80,0
3584,21,Female,42.2,38,1
3585,42,Male,50.4,57,4
3586,64,Male,49.7,55,4
3587,55,Male,85.5,49,3
3588,32,Female,50.5,39,4
3589,38,Male,112.1,60,0
3590,52,Female,70.8,27,3
3591,70,Male,28.1,20,1
3592,70,Male,56.8,81,2
3593,63,Male,43.7,68,2
3594,69,Male,15.0,52,2
3595,31,Male,100.0,92,0
3596,53,Male,77.6,43,4
3597,29,Female,73.3,83,0
3598,34,Male,64.1,54,4
3599,56,Female,25.4,24,1
3600,26,Male,47.9,96,2
3601,52,Male,81.0,75,0
3602,30,Female,33.7,47,1
3603,32,Male,15.0,68,2
3604,35,Female,54.3,40,4
3605,68,Female,56.5,71,2
3606,50,Male,63.4,1,1
3607,23,Female,78.2,25,3
3608,44,Female,75.9,74,0
3609,40,Male,66.5,44,4
3610,44,Female,89.9,55,0
3611,51,Male,22.0,16,1
3612,63,Male,72.6,96,0
3613,55,Male,75.7,80,0
3614,31,Male,29.0,45,1
3615,53,Female,22.4,40,1
3616,70,Male,41.4,76,2
3617,25,Male,43.5,100,2
3618,52,Female,78.8,74,0
3619,36,Male,44.6,100,2
3620,47,Male,38.6,27,1
3621,31,Female,44.7,30,1
3622,37,Female,88.0,20,3
3623,66,Female,60.3,61,4
3624,42,Female,55.5,54,4
3625,57,Female,57.2,46,4
3626,41,Female,92.3,70,0
3627,31,Female,41.3,81,2
3628,43,Male,92.9,12,3
3629,40,Female,56.0,71,2
3630,39,Female,122.5,38,3
3631,65,Female,33.6,30,1
3632,36,Male,51.2,75,2
3633,63,Male,29.2,18,1
3634,68,Female,83.8,42,3
3635,20,Female,102.2,58,0
3636,59,Female,101.7,36,3
3637,36,Male,90.6,70,0
3638,26,Male,55.1,36,4
3639,45,Female,50.9,85,2
3640,37,Male,18.2,47,2
3641,62,Female,110.9,67,0
3642,24,Male,71.7,69,0
3643,31,Male,47.7,34,1
3644,26,Female,93.2,1,3
3645,36,Female,35.7,59,2
3646,64,Female,70.2,52,4
3647,69,Female,55.7,64,4
3648,31,Male,76.0,44,4
3649,55,Male,58.4,39,4
3650,70,Male,23.7,100,2
3651,53,Female,61.9,13,1
3652,57,Male,86.2,68,0
3653,34,Female,59.3,36,4
3654,47,Male,79.4,42,3
3655,26,Female,33.9,42,1
3656,50,Female,59.3,30,4
3657,69,Male,44.4,64,2
3658,42,Female,78.7,85,0
3659,31,Female,60.8,62,4
3660,28,Male,77.3,53,4
3661,70,Female,87.2,25,3
3662,52,Female,77.3,63,0
3663,58,Female,66.8,100,0
3664,31,Male,35.0,40,1
3665,47,Male,59.9,41,4
3666,58,Female,46.7,36,1
3667,21,Male,51.4,38,4
3668,21,Female,50.6,1,1
3669,45,Female,35.5,60,2
3670,25,Female,15.0,29,1
3671,19,Female,43.3,10,1
3672,58,Female,64.8,69,0
3673,63,Male,26.3,23,1
3674,39,Female,60.4,42,4
3675,58,Male,107.5,87,0
3676,33,Male,85.6,15,3
3677,46,Female,101.1,12,3
3678,66,Female,69.8,57,4
3679,65,Male,89.2,79,0
3680,47,Male,41.9,11,1
3681,29,Male,43.9,60,2
3682,52,Female,15.0,65,2
3683,28,Male,89.7,1,3
3684,63,Female,98.5,70,0
3685,67,Female,46.2,72,2
3686,38,Female,53.7,42,4
3687,38,Male,41.2,81,2
3688,22,Female,69.6,78,0
3689,65,Female,88.1,53,0
3690,37,Female,16.4,39,1
3691,54,Female,70.2,26,3
3692,20,Female,53.1,49,4
3693,61,Male,62.8,64,4
3694,50,Female,71.5,42,4
3695,70,Female,55.3,1,1
3696,26,Male,57.4,82,2
3697,26,Female,54.7,55,4
3698,21,Male,84.3,41,3
3699,52,Female,70.5,71,0
3700,34,Male,65.5,88,0
3701,51,Male,28.2,1,1
3702,41,Female,50.5,61,4
3703,49,Female,82.5,14,3
3704,18,Female,60.9,62,4
3705,25,Male,76.5,53,4
3706,62,Male,104.2,66,0
3707,40,Male,86.0,38,3
3708,64,Female,62.3,3,1
3709,57,Male,47.2,39,1
3710,29,Male,15.0,60,2
3711,29,Female,55.8,75,2
3712,63,Male,51.8,21,1
3713,64,Male,69.8,76,0
3714,32,Female,56.2,34,4
3715,58,Male,52.0,59,4
3716,36,Female,15.5,37,1
3717,43,Female,36.5,55,2
3718,69,Female,71.9,72,0
3719,46,Female,102.9,19,3
3720,39,Female,57.6,33,4
3721,57,Male,68.2,55,4
3722,38,Male,83.8,100,0
3723,68,Female,39.7,28,1
3724,55,Female,69.2,100,0
3725,37,Male,41.5,100,2
3726,46,Female,81.6,48,4
3727,68,Female,63.8,43,4
3728,21,Female,67.5,33,4
3729,24,Male,40.4,48,4
3730,45,Male,77.7,15,3
3731,45,Female,112.1,48,3
3732,21,Female,34.8,87,2
3733,39,Male,51.5,35,4
3734,29,Male,65.8,44,4
3735,62,Female,79.7,7,3
3736,20,Female,46.0,59,2
3737,39,Male,15.0,57,2
3738,61,Male,94.0,52,3
3739,19,Male,79.0,45,4
3740,41,Female,16.4,43,1
3741,51,Male,44.8,63,2
3742,44,Female,99.2,49,3
3743,58,Male,96.2,58,0
3744,18,Male,83.5,55,0
3745,25,Male,55.6,78,2
3746,40,Male,62.1,67,4
3747,55,Female,56.7,55,4
3748,23,Female,88.2,88,0
3749,39,Male,38.1,61,2
3750,42,Female,39.9,83,2
3751,35,Male,85.3,65,0
3752,34,Male,58.9,4,1
3753,29,Male,94.5,83,0
3754,23,Male,43.2,53,4
3755,43,Female,58.6,49,4
3756,44,Male,36.9,57,2
3757,25,Male,60.2,41,4
3758,36,Female,23.0,56,2
3759,59,Male,47.8,35,1
3760,18,Male,24.1,82,2
3761,46,Male,77.3,47,4
3762,62,Female,77.9,40,3
3763,66,Male,16.7,27,1
3764,52,Female,93.3,57,0
3765,57,Male,122.4,55,3
3766,31,Male,61.2,60,4
3767,52,Female,44.0,24,1
3768,65,Male,130.6,10,3
3769,62,Male,27.0,66,2
3770,37,Female,60.5,87,0
3771,66,Female,64.5,24,3
3772,30,Female,93.6,90,0
3773,55,Female,69.0,57,4
3774,66,Female,47.5,50,4
3775,63,Male,36.2,40,1
3776,66,Female,51.5,15,1
3777,25,Male,34.8,75,2
3778,60,Male,61.2,31,4
3779,37,Male,45.9,31,1
3780,50,Female,22.6,75,2
3781,43,Female,91.4,3,3
3782,56,Male,47.6,12,1
3783,38,Female,28.3,50,2
3784,70,Female,55.8,57,4
3785,66,Female,61.7,62,4
3786,59,Female,16.3,42,1
3787,60,Male,68.3,100,0
3788,58,Male,33.8,44,1
3789,26,Female,102.8,44,3
3790,41,Male,73.1,30,3
3791,54,Female,50.0,53,4
3792,66,Female,41.4,65,2
3793,58,Male,57.4,80,2
3794,34,Male,75.3,13,3
3795,41,Male,59.4,44,4
3796,38,Female,54.6,61,4
3797,68,Male,61.5,65,4
3798,56,Female,44.9,50,4
3799,58,Male,51.4,64,2
3800,56,Male,15.0,30,1
3801,30,Female,84.3,89,0
3802,28,Female,67.5,75,0
3803,63,Female,40.7,16,1
3804,36,Female,107.5,23,3
3805,28,Female,62.2,24,1
3806,30,Female,34.1,67,2
3807,63,Female,81.4,18,3
3808,62,Female,70.0,42,4
3809,18,Male,69.9,61,4
3810,57,Female,49.4,48,4
3811,61,Female,71.3,56,4
3812,36,Male,53.5,23,1
3813,29,Female,73.9,65,0
3814,25,Male,15.0,35,1
3815,25,Male,49.2,42,4
3816,70,Female,103.1,56,0
3817,62,Male,40.8,53,2
3818,29,Female,44.9,51,4
3819,65,Male,48.8,31,1
3820,50,Male,29.6,43,1
3821,62,Male,15.0,50,2
3822,43,Female,54.2,16,1
3823,56,Female,63.4,38,4
3824,45,Male,58.7,60,4
3825,22,Male,56.4,18,1
3826,25,Female,61.1,79,0
3827,42,Female,85.6,82,0
3828,44,Male,55.2,19,1
3829,63,Male,45.6,84,2
3830,40,Female,53.0,46,4
3831,47,Female,74.5,60,0
3832,62,Female,95.3,38,3
3833,64,Female,44.3,73,2
3834,40,Female,62.5,60,4
3835,66,Male,68.5,30,3
3836,64,Female,35.2,21,1
3837,37,Male,60.5,13,1
3838,35,Female,23.4,55,2
3839,35,Male,15.8,64,2
3840,19,Female,69.2,66,0
3841,21,Female,50.4,47,4
3842,47,Male,65.1,21,3
3843,50,Male,59.6,33,4
3844,53,Female,35.6,79,2
3845,35,Female,58.9,38,4
3846,54,Female,29.2,54,2
3847,36,Female,94.8,23,3
3848,64,Female,26.1,58,2
3849,45,Male,55.1,39,4
3850,57,Male,33.9,76,2
3851,37,Female,74.3,69,0
3852,66,Male,51.7,38,4
3853,50,Male,47.0,47,4
3854,29,Male,81.3,36,3
3855,68,Female,60.7,15,1
3856,32,Male,72.9,29,3
3857,58,Female,35.5,55,2
3858,56,Male,24.9,58,2
3859,19,Female,62.7,54,4
3860,46,Male,52.0,42,4
3861,58,Female,75.7,73,0
3862,27,Female,58.0,52,4
3863,19,Male,65.1,68,0
3864,68,Female,19.4,6,1
3865,28,Female,107.2,1,3
3866,30,Female,55.9,57,4
3867,27,Female,77.4,14,3
3868,31,Female,39.1,45,1
3869,35,Female,67.7,42,4
3870,68,Female,27.4,90,2
3871,26,Female,71.3,60,4
3872,56,Male,51.1,54,4
3873,45,Male,60.7,71,0
3874,20,Female,77.4,59,0
3875,37,Female,29.2,39,1
3876,23,Male,42.9,77,2
3877,44,Male,71.4,22,3
3878,70,Male,112.5,58,0
3879,19,Female,56.5,11,1
3880,46,Male,74.8,55,4
3881,55,Female,57.3,55,4
3882,20,Female,108.6,92,0
3883,33,Male,16.3,11,1
3884,47,Female,62.4,35,4
3885,57,Female,19.4,71,2
3886,19,Female,15.0,58,2
3887,34,Female,67.4,55,4
3888,58,Male,63.5,26,4
3889,29,Male,52.9,35,4
3890,52,Female,57.3,81,2
3891,60,Female,137.5,49,3
3892,18,Male,53.5,59,4
3893,62,Female,72.8,47,4
3894,32,Male,43.8,20,1
3895,43,Female,67.4,73,0
3896,54,Female,54.0,63,4
3897,38,Male,49.7,100,2
3898,66,Male,105.5,25,3
3899,48,Male,89.4,71,0
3900,42,Male,63.4,17,3
3901,40,Female,15.0,54,2
3902,41,Male,51.0,74,2
3903,55,Female,127.6,1,3
3904,45,Male,54.2,45,4
3905,38,Male,87.6,36,3
3906,60,Female,96.0,32,3
3907,35,Male,65.5,60,4
3908,53,Male,39.0,78,2
3909,52,Male,15.0,47,2
3910,62,Male,77.1,55,4
3911,26,Female,39.6,53,2
3912,70,Female,64.4,50,4
3913,55,Male,28.8,23,1
3914,47,Male,53.4,78,2
3915,61,Male,60.8,57,4
3916,51,Female,66.7,60,4
3917,49,Female,32.1,30,1
3918,20,Female,89.9,39,3
3919,20,Female,45.1,46,4
3920,45,Male,18.1,12,1
3921,61,Male,57.3,8,1
3922,32,Male,60.9,35,4
3923,58,Female,64.0,63,4
3924,40,Male,94.1,34,3
3925,57,Female,54.1,25,1
3926,28,Female,57.0,30,4
3927,65,Male,32.4,39,1
3928,49,Male,80.5,41,3
3929,53,Male,64.6,100,0
3930,50,Female,49.5,76,2
3931,41,Female,15.0,76,2
3932,56,Male,96.1,79,0
3933,51,Male,29.3,25,1
3934,45,Female,45.2,19,1
3935,54,Male,69.0,22,3
3936,24,Female,30.1,83,2
3937,21,Female,22.7,36,1
3938,54,Male,15.0,19,1
3939,18,Male,78.0,39,3
3940,18,Male,46.4,44,4
3941,64,Male,133.2,57,0
3942,37,Female,35.1,56,2
3943,36,Female,37.0,29,1
3944,46,Female,45.9,67,2
3945,27,Male,66.1,34,4
3946,35,Female,48.2,46,4
3947,45,Male,75.3,67,0
3948,52,Male,35.5,34,1
3949,60,Male,25.5,36,1
3950,64,Male,15.0,65,2
3951,48,Male,15.0,29,1
3952,44,Male,47.0,40,4
3953,28,Female,52.5,64,2
3954,66,Male,44.2,100,2
3955,66,Female,91.1,65,0
3956,55,Female,90.7,62,0
3957,22,Male,51.6,63,2
3958,25,Male,15.2,23,1
3959,51,Male,45.8,53,4
3960,65,Female,45.0,49,4
3961,69,Male,43.6,58,2
3962,29,Female,42.6,53,2
3963,55,Male,43.7,59,2
3964,18,Male,50.3,42,4
3965,48,Female,44.1,51,4
3966,21,Female,65.2,19,3
3967,66,Male,69.0,42,4
3968,62,Female,37.2,85,2
3969,67,Female,91.8,58,0
3970,22,Female,35.5,49,2
3971,47,Female,19.6,97,2
3972,41,Female,69.5,16,3
3973,20,Male,39.6,22,1
3974,28,Male,68.0,93,0
3975,62,Female,15.0,51,2
3976,21,Male,94.8,44,3
3977,43,Male,76.8,20,3
3978,44,Female,22.5,61,2
3979,63,Male,23.0,64,2
3980,60,Female,101.8,23,3
3981,44,Female,41.6,46,4
3982,59,Male,39.1,42,1
3983,68,Female,15.0,56,2
3984,67,Female,51.2,22,1
3985,23,Female,54.3,81,2
3986,32,Female,77.9,73,0
3987,70,Female,25.0,41,1
3988,47,Male,22.0,45,1
3989,59,Male,71.3,47,4
3990,54,Female,85.2,31,3
3991,54,Female,20.7,39,1
3992,59,Male,87.0,43,3
3993,54,Female,60.9,90,0
3994,52,Male,87.3,74,0
3995,40,Female,58.2,73,2
3996,23,Female,15.0,59,2
3997,25,Female,86.5,83,0
3998,26,Female,95.4,37,3
3999,38,Female,65.5,45,4
4000,68,Female,84.2,52,4
